Epoch,PolicyUpdates,Time (second),AverageNormalizedTestEpRet,StdNormalizedTestEpRet,MaxNormalizedTestEpRet,MinNormalizedTestEpRet,AverageTestEpRet,StdTestEpRet,MaxTestEpRet,MinTestEpRet,TestEpLen,AverageQ1Vals,StdQ1Vals,MaxQ1Vals,MinQ1Vals,AverageQ2Vals,StdQ2Vals,MaxQ2Vals,MinQ2Vals,LogPi,LossPi,LossQ,Alpha,LossAlpha,AlphaCQL,AlphaCQLLoss,AverageDeltaCQL,StdDeltaCQL,MaxDeltaCQL,MinDeltaCQL
1,4000,135.2091519832611,60.0,48.98979485566356,100.0,0.0,0.6,0.4898979258453737,1.0,0.0,495.1666666666667,30.936146484375,18.61681363713995,91.35431,-30.815395,30.940751953125,18.61969555336499,88.090836,-28.750061,9.70573828125,-29.0480234375,23.584046875,0.36469009399414065,-0.14775006103515625,109.0347421875,-211.7283125,-0.05076900482177735,0.290945251558256,1.5979894,-0.51977843
2,8000,172.22800612449646,43.333333333333336,49.55356424281372,100.0,0.0,0.43333333333333335,0.49553566126289234,1.0,0.0,555.0,84.940546875,18.711167287211133,154.96265,-14.089525,84.942265625,18.71561847762451,148.17302,-15.329065,8.0023671875,-81.8321171875,47.383953125,0.440778076171875,-0.00034343233704566955,128.404875,-225.27653125,-0.24452236938476563,0.06408701357879179,-0.02179947,-0.47144374
3,12000,206.9781937599182,36.666666666666664,48.18944008199998,100.0,0.0,0.36666666666666664,0.4818943614508729,1.0,0.0,558.3333333333334,123.56884375,26.42159273208184,196.86902,-63.422478,123.56846875,26.415513907550615,196.47401,-73.5016,8.00186083984375,-120.027125,63.559109375,0.4584413146972656,0.00010602906346321106,148.1748125,-250.776046875,-0.30709375,0.06079040379963201,-0.089368545,-0.5156255
4,16000,242.05225133895874,33.333333333333336,47.140453920527044,100.0,0.0,0.3333333333333333,0.4714044983127119,1.0,0.0,591.3,150.919765625,34.70823029196389,234.87383,-87.34558,150.9208125,34.70858863451523,233.16286,-89.75683,8.00344580078125,-147.0923125,75.726078125,0.4665625915527344,-0.0006386647224426269,168.04046875,-278.2561875,-0.34382073974609373,0.0615056824268675,-0.092420734,-0.54076767
5,20000,280.5709054470062,46.666666666666664,49.888766896967894,100.0,0.0,0.4666666666666667,0.498887636701848,1.0,0.0,521.9333333333333,170.04703125,41.55978524968578,255.10585,-100.330246,170.048828125,41.565422829558706,252.7726,-97.488625,8.00181884765625,-165.95725,84.1951953125,0.4766112976074219,0.00014176692068576811,187.94009375,-306.20734375,-0.3704855651855469,0.061335413797310084,-0.18569376,-0.5989618
6,24000,317.2441842556,46.666666666666664,49.888766896967894,100.0,0.0,0.4666666666666667,0.4988876207718359,1.0,0.0,563.8,183.389875,46.909772436028724,270.67148,-108.98428,183.391796875,46.921090673597945,271.33377,-99.69058,8.000841796875,-179.0859375,89.624046875,0.4855947570800781,0.0005609750151634216,207.85225,-333.873375,-0.3935391540527344,0.06010732072810844,-0.13278739,-0.583033
7,28000,352.0726239681244,50.0,50.0,100.0,0.0,0.5,0.5,1.0,0.0,538.1666666666666,192.599609375,51.387953354847674,282.98666,-117.457085,192.600484375,51.39813226178554,284.1266,-107.96559,8.00182373046875,-188.10484375,92.949671875,0.4941995544433594,4.420258104801178e-05,227.78321875,-361.990375,-0.4106473999023437,0.05924126270110132,-0.17729668,-0.60496205
8,32000,387.70118832588196,50.0,50.0,100.0,0.0,0.5,0.5,1.0,0.0,535.7666666666667,199.35496875,54.83628588808691,292.3983,-118.47454,199.3569375,54.84752957061968,293.16983,-111.37175,8.001453125,-194.65709375,94.7655390625,0.5051222534179688,0.00037970682978630065,247.70878125,-388.8034375,-0.4302820129394531,0.06120946983423149,-0.193854,-0.6541651
9,36000,424.51429510116577,30.0,45.8257569495584,100.0,0.0,0.3,0.4582575937749431,1.0,0.0,612.2666666666667,204.2553125,57.84852850332496,302.7998,-111.75153,204.256421875,57.859258118299444,306.49014,-116.279076,8.00329345703125,-199.39096875,95.98528125,0.5145234375,-0.0006255313754081726,267.6383125,-415.495875,-0.4474197998046875,0.061502333154848605,-0.21007173,-0.64829075
10,40000,460.12596821784973,26.666666666666668,44.22166436214645,100.0,0.0,0.26666666666666666,0.44221667944939835,1.0,0.0,606.5666666666667,207.849703125,60.432222365224995,312.49475,-109.35934,207.852953125,60.44691265896051,313.46243,-110.261086,8.00100146484375,-202.73834375,97.50640625,0.5280589599609375,0.000563230812549591,287.5503125,-439.4130625,-0.47176022338867185,0.06186807458826626,-0.25101924,-0.7167894
11,44000,495.5845355987549,43.333333333333336,49.553566870441664,100.0,0.0,0.43333333333333335,0.4955356933384273,1.0,0.0,556.9666666666667,210.2891875,62.31869903969434,319.68018,-124.51838,210.29334375,62.3370475720498,319.11768,-118.479546,8.0032236328125,-204.925875,97.6298359375,0.541755859375,-0.0005696290731430054,307.4618125,-463.19178125,-0.49337091064453126,0.060955420573331524,-0.24984013,-0.7034327
12,48000,531.5448582172394,60.0,48.98979485566356,100.0,0.0,0.6,0.4898979258453737,1.0,0.0,457.26666666666665,212.034546875,63.65037706094128,325.16327,-122.75124,212.040625,63.67254903017469,326.4003,-114.90862,8.00225830078125,-206.447546875,98.892921875,0.5532313232421875,-9.182736277580262e-05,327.37690625,-486.95675,-0.5124813232421875,0.06166126326351746,-0.29341823,-0.7445404
13,52000,568.177374124527,50.0,50.0,100.0,0.0,0.5,0.5,1.0,0.0,567.8333333333334,212.995296875,64.66370504386522,332.6352,-121.0134,213.003859375,64.68995864892788,333.74753,-106.34914,8.0014951171875,-207.1879375,98.8265625,0.564928955078125,0.00040859764814376833,347.3035625,-510.31421875,-0.5305302734375,0.06127433215695229,-0.32245293,-0.7449531
14,56000,602.5488500595093,33.333333333333336,47.140453920527044,100.0,0.0,0.3333333333333333,0.4714044983127119,1.0,0.0,556.6333333333333,213.05190625,65.54102913442846,337.5215,-115.12543,213.06278125,65.57480461274741,341.25574,-104.688286,8.00266455078125,-207.0278125,99.790125,0.57678173828125,-1.0071367025375367e-05,367.2226875,-533.0715,-0.5482764282226562,0.06323960240660734,-0.33687052,-0.8073661
15,60000,636.755232334137,70.0,45.8257569495584,100.0,0.0,0.7,0.4582575937749431,1.0,0.0,468.3333333333333,213.2160625,65.99334814964308,341.77036,-118.66562,213.22940625,66.02944797588421,344.7777,-100.64813,8.0011875,-206.974875,99.40928125,0.5885538330078125,0.000496062457561493,387.14371875,-555.07375,-0.5661514892578124,0.06315211742835077,-0.33829498,-0.75678945
16,64000,671.2264902591705,50.0,50.0,100.0,0.0,0.5,0.5,1.0,0.0,522.9,212.8935625,66.54635602345179,344.47565,-119.84719,212.905765625,66.58822343327685,348.10876,-104.043564,8.0023076171875,-206.4455625,99.081765625,0.5995459594726562,-4.986631870269776e-05,407.064375,-576.6575,-0.5833072509765626,0.06386265169888375,-0.29038596,-0.78862983
17,68000,705.5047597885132,50.0,50.0,100.0,0.0,0.5,0.5,1.0,0.0,530.0,212.3049375,66.63281098678037,346.50012,-109.74053,212.319375,66.68135421540268,350.5513,-101.03264,8.00312158203125,-205.622828125,98.86103125,0.611004638671875,-0.0005060372352600098,426.977,-596.3408125,-0.603273681640625,0.0655868637446693,-0.32137844,-0.8668087
18,72000,739.7769024372101,46.666666666666664,49.888766896967894,100.0,0.0,0.4666666666666667,0.498887636701848,1.0,0.0,566.9666666666667,211.261046875,66.87969048971443,348.6525,-114.59857,211.27509375,66.93555856194823,354.1699,-104.00129,8.0003681640625,-204.362125,98.737390625,0.622140380859375,0.0010354174375534057,446.89421875,-617.13825,-0.6189923095703125,0.06454012830496306,-0.39963302,-0.8210619
19,76000,775.5671634674072,53.333333333333336,49.888769506940804,100.0,0.0,0.5333333333333333,0.49888766856187067,1.0,0.0,551.5333333333333,209.779953125,67.08149893972256,350.27518,-112.01912,209.79625,67.14293708201929,353.81833,-100.743324,8.00298046875,-202.66440625,99.068171875,0.6334788818359375,-0.00042889404296875,466.8105625,-636.53975,-0.6363507080078125,0.0659017087874044,-0.4078144,-0.8986093
20,80000,812.2842481136322,40.0,48.98979485566356,100.0,0.0,0.4,0.48989795829003324,1.0,0.0,567.3666666666667,208.14353125,66.74010038949596,351.58813,-96.35568,208.16034375,66.8090038842071,355.60767,-91.92729,8.00319580078125,-200.78590625,99.35453125,0.6458245849609375,-0.0006327190399169921,486.7139375,-653.418125,-0.6574146118164063,0.06672187029579614,-0.3592565,-0.8999831
21,84000,847.060521364212,53.333333333333336,49.888769506940804,100.0,0.0,0.5333333333333333,0.4988876526318596,1.0,0.0,491.6666666666667,206.504875,66.52514562178726,353.3859,-89.94004,206.523828125,66.5998010507539,356.30276,-85.33467,8.0012255859375,-198.89909375,98.772890625,0.6582677001953126,0.0007928786277770996,506.61515625,-670.420875,-0.6765948486328125,0.06592375191645226,-0.45700002,-0.9662558
22,88000,881.7044470310211,53.333333333333336,49.888766896967894,100.0,0.0,0.5333333333333333,0.498887636701848,1.0,0.0,500.8,204.706625,66.52505167228358,354.1618,-80.384766,204.73046875,66.61411261887379,357.93112,-72.9594,8.00218505859375,-196.8565,98.786046875,0.671000732421875,0.00045253872871398927,526.5114375,-685.6663125,-0.6976636352539063,0.06575564141964947,-0.43613872,-0.9380943
23,92000,917.1658437252045,50.0,50.0,100.0,0.0,0.5,0.5,1.0,0.0,507.96666666666664,202.833546875,66.2571316916149,354.94327,-69.600945,202.859421875,66.3588087596515,358.44836,-70.229904,8.0023828125,-194.719078125,99.13296875,0.6832752685546875,0.00034787541627883913,546.405,-699.687125,-0.7194313354492188,0.06755067124333262,-0.44899455,-0.9404718
24,96000,952.9393417835236,56.666666666666664,49.55356161518564,100.0,0.0,0.5666666666666667,0.49553566126289234,1.0,0.0,497.3,201.027328125,66.1464549314625,358.0891,-66.76971,201.057859375,66.25534318075788,360.2266,-58.115086,8.00189306640625,-192.679734375,98.213640625,0.6953423461914062,0.0006111603379249572,566.307625,-715.647375,-0.7362374267578125,0.06711691408808784,-0.39682838,-0.96324694
25,100000,987.7704696655273,60.0,48.98979485566356,100.0,0.0,0.6,0.48989794206770376,1.0,0.0,456.6,198.556609375,66.13670690320164,357.0948,-62.93867,198.588,66.26414565962502,364.03003,-57.47715,8.0027216796875,-189.916421875,99.408953125,0.7082658081054688,-0.00039872926473617554,586.1945,-727.18325,-0.7594232177734375,0.06840691009105415,-0.53284866,-1.0104356
26,104000,1022.9263520240784,73.33333333333333,44.22166141769966,100.0,0.0,0.7333333333333333,0.44221666147792305,1.0,0.0,415.8,195.588890625,66.17477238343929,359.65344,-52.547157,195.618921875,66.32201369077993,363.11218,-54.07868,8.0024599609375,-186.59759375,99.032765625,0.7231925048828125,0.00011325174570083618,606.060875,-736.252125,-0.785119140625,0.06916391099089994,-0.545036,-1.0099624
27,108000,1059.3024547100067,53.333333333333336,49.888766896967894,100.0,0.0,0.5333333333333333,0.4988876526318596,1.0,0.0,505.8666666666667,192.27578125,66.00523464089798,358.45212,-56.683548,192.306734375,66.17563751109618,363.12244,-61.04048,8.00340625,-182.876953125,98.777203125,0.7393564453125,-0.0007721253633499145,625.904625,-740.2674375,-0.8171950073242188,0.07311741977104094,-0.5005671,-1.0510968
28,112000,1093.6549031734467,43.333333333333336,49.55356161518564,100.0,0.0,0.43333333333333335,0.49553566126289234,1.0,0.0,557.8,188.354984375,65.45792159853534,358.6003,-60.609623,188.385625,65.66141180328063,363.67838,-58.477055,8.000748046875,-178.569828125,98.7348515625,0.7555039672851562,0.00156393826007843,645.7479375,-747.2558125,-0.8427325439453125,0.07313563212511623,-0.5612567,-1.1429329
29,116000,1128.1164700984955,46.666666666666664,49.888766896967894,100.0,0.0,0.4666666666666667,0.498887636701848,1.0,0.0,533.1,184.08759375,64.77090782133595,353.0162,-58.385635,184.120390625,64.98987228791883,367.09592,-56.81674,8.0018046875,-173.927640625,98.453203125,0.7697142333984375,0.000651946246623993,665.591625,-752.5319375,-0.8693231201171875,0.07250063402622146,-0.6165053,-1.1307249
30,120000,1162.6056728363037,46.666666666666664,49.888766896967894,100.0,0.0,0.4666666666666667,0.498887636701848,1.0,0.0,541.4666666666667,178.997234375,63.845589119374566,354.5562,-53.254143,179.03265625,64.09710406874869,361.73,-48.58811,8.00252734375,-168.53725,98.1203828125,0.78051171875,-7.418632507324219e-06,685.450125,-760.692,-0.890196533203125,0.07481887563309794,-0.62673146,-1.1759112
31,124000,1196.9503991603851,53.333333333333336,49.888766896967894,100.0,0.0,0.5333333333333333,0.4988876526318596,1.0,0.0,514.5,173.75625,63.06280203099129,350.81845,-55.865227,173.79546875,63.33977620737225,360.3233,-62.99347,8.00128564453125,-162.9679375,97.884046875,0.7916087646484375,0.0009240862727165222,705.310375,-766.676125,-0.9129366455078125,0.07389366187866604,-0.6690863,-1.1802877
32,128000,1231.3937454223633,53.333333333333336,49.888766896967894,100.0,0.0,0.5333333333333333,0.4988876526318596,1.0,0.0,510.3,167.915875,62.08706387002046,342.95486,-47.60174,167.954203125,62.39417641094399,351.1671,-56.703484,8.00118408203125,-156.821171875,97.6198828125,0.8021752319335937,0.0008940012454986573,725.165125,-774.107,-0.9324683837890625,0.07552700534899623,-0.6690478,-1.2372217
33,132000,1266.502322435379,66.66666666666667,47.140453920527044,100.0,0.0,0.6666666666666666,0.47140454888892985,1.0,0.0,501.43333333333334,162.36340625,61.208992394908776,339.78976,-56.728195,162.401671875,61.541784585759295,346.24237,-51.18004,8.0042509765625,-150.99496875,96.0019453125,0.812893798828125,-0.0012577753067016602,745.03175,-781.4125,-0.9511031494140625,0.07597806875113597,-0.68357855,-1.237471
34,136000,1302.7424006462097,53.333333333333336,49.888766896967894,100.0,0.0,0.5333333333333333,0.498887636701848,1.0,0.0,490.6666666666667,156.3936875,60.359199795888614,334.59497,-62.933983,156.43084375,60.7201469859881,345.6527,-58.389374,8.001404296875,-144.75653125,95.5386015625,0.82090771484375,0.001019666314125061,764.8796875,-787.951,-0.9698203125,0.07753556327707223,-0.6988751,-1.2393416
35,140000,1336.509313583374,50.0,50.0,100.0,0.0,0.5,0.5,1.0,0.0,535.8333333333334,150.68490625,59.556527769842326,331.68448,-58.0279,150.71996875,59.93653309960462,338.31268,-49.146828,8.00211181640625,-138.786375,94.486453125,0.83014599609375,0.0002626338601112366,784.749375,-794.9074375,-0.9870084838867188,0.07831526818524287,-0.7109477,-1.2687101
36,144000,1370.2093443870544,46.666666666666664,49.888769506940804,100.0,0.0,0.4666666666666667,0.498887636701848,1.0,0.0,568.5333333333333,144.93990625,58.853712712113584,323.54388,-53.411556,144.977234375,59.24881433412824,335.80405,-48.924152,8.00119775390625,-132.83796875,93.6321640625,0.8363583984375,0.0010187292098999023,804.6065,-803.2156875,-1.001689208984375,0.07784596164154235,-0.69852126,-1.2743838
37,148000,1403.8088693618774,43.333333333333336,49.55356424281372,100.0,0.0,0.43333333333333335,0.49553566126289234,1.0,0.0,544.2666666666667,139.29225,58.050424201723104,321.01697,-57.43198,139.325515625,58.46488048392813,325.88202,-50.695545,8.0024375,-126.9096875,93.2625859375,0.8465848388671875,6.382548809051514e-05,824.4618125,-808.987875,-1.0187488403320313,0.07933052438950944,-0.699961,-1.2949479
38,152000,1437.4830243587494,53.333333333333336,49.888766896967894,100.0,0.0,0.5333333333333333,0.4988876526318596,1.0,0.0,518.4666666666667,133.831828125,57.31175054035604,319.26013,-44.772003,133.86409375,57.74046891046175,325.1912,-51.794205,8.001193359375,-121.19765625,92.89196875,0.854393310546875,0.001436133623123169,844.311875,-813.3489375,-1.036640869140625,0.07962591446811026,-0.72560465,-1.3739666
39,156000,1470.8794581890106,36.666666666666664,48.18944008199998,100.0,0.0,0.36666666666666664,0.48189439443439097,1.0,0.0,575.8333333333334,127.7620390625,56.8897881873364,317.7889,-52.460014,127.7903984375,57.34449624855031,321.90063,-56.63866,8.00381201171875,-114.82953125,92.556390625,0.8648289794921875,-0.0007367585301399231,864.134875,-814.941875,-1.056904052734375,0.07831550868801154,-0.76782346,-1.3761572
40,160000,1505.7287335395813,50.0,50.0,100.0,0.0,0.5,0.5,1.0,0.0,539.8666666666667,121.718765625,56.208949465365386,314.14957,-50.62928,121.7489140625,56.66651789196156,320.1649,-54.66164,8.00170556640625,-108.543625,92.8885,0.87214892578125,0.001006414294242859,883.97775,-819.793,-1.072583740234375,0.08317767259886287,-0.7374586,-1.3477373
41,164000,1540.9409956932068,40.0,48.98979485566356,100.0,0.0,0.4,0.48989795829003324,1.0,0.0,588.6666666666666,115.817828125,55.794132756052406,309.3778,-56.5866,115.847375,56.27413260104504,315.3778,-50.38261,7.99985009765625,-102.3244609375,93.1111953125,0.8810247192382813,0.0024324252605438233,903.7909375,-818.46575,-1.0943687744140624,0.08207425398079415,-0.77752614,-1.4659617
42,168000,1574.2342760562897,70.0,45.8257569495584,100.0,0.0,0.7,0.4582575764325439,1.0,0.0,410.56666666666666,108.9264140625,55.22271498215204,310.46008,-53.168045,108.9568125,55.727271151564565,314.58716,-55.956112,8.00318701171875,-95.03240625,93.75628125,0.8951185302734375,-0.0005065181255340576,923.5665,-811.518,-1.121263427734375,0.08432231247049084,-0.7802675,-1.4577628
43,172000,1607.7534170150757,53.333333333333336,49.888766896967894,100.0,0.0,0.5333333333333333,0.498887636701848,1.0,0.0,483.6333333333333,101.189890625,54.71173548700498,305.86203,-50.59441,101.2210703125,55.227284923305795,312.04663,-56.826466,8.0025673828125,-86.92715625,93.9382265625,0.9043788452148438,0.0003075501322746277,943.32175,-804.4146875,-1.147200927734375,0.08470539537380208,-0.84979105,-1.4411042
44,176000,1641.1557157039642,73.33333333333333,44.22165994547619,100.0,0.0,0.7333333333333333,0.44221664350644707,1.0,0.0,393.6666666666667,92.8026171875,54.23130092483491,297.80862,-46.41827,92.8294765625,54.78765828176999,307.26566,-56.61367,8.0012021484375,-78.174953125,94.717046875,0.9132899169921875,0.001688025951385498,963.0753125,-798.5874375,-1.1707623291015625,0.0846944849716139,-0.8689316,-1.4936146
45,180000,1674.858778476715,43.333333333333336,49.55356424281372,100.0,0.0,0.43333333333333335,0.49553567730066006,1.0,0.0,514.5333333333333,83.7846640625,54.05276357412265,290.12048,-48.4946,83.81684375,54.61477821981885,294.9877,-53.381,8.0024091796875,-68.8277265625,95.758703125,0.9237896728515625,0.0001081247329711914,982.85325,-794.47775,-1.1916197509765625,0.08599234755424826,-0.87918895,-1.539317
46,184000,1708.2146606445312,76.66666666666667,42.295258981257774,100.0,0.0,0.7666666666666667,0.4229525521122878,1.0,0.0,402.3333333333333,74.795328125,53.90622181158683,285.81354,-47.192917,74.8198828125,54.48952422255126,288.67923,-60.078106,8.00334375,-59.54384375,95.8284609375,0.9317841186523438,-0.0002650371789932251,1002.61175,-791.74075,-1.2102822265625,0.08837821294185932,-0.9337144,-1.5415503
47,188000,1743.5475029945374,66.66666666666667,47.14045115839121,100.0,0.0,0.6666666666666666,0.47140453203019117,1.0,0.0,460.26666666666665,65.8804921875,53.64763042297395,278.14703,-46.407963,65.906984375,54.2393837538739,285.0623,-63.13742,8.00152734375,-50.29411328125,97.8643515625,0.9408834228515625,0.0011906412839889527,1022.3656875,-785.950375,-1.23119287109375,0.08891790866669624,-0.9219082,-1.5662293
48,192000,1778.4966838359833,40.0,48.98979485566356,100.0,0.0,0.4,0.48989795829003324,1.0,0.0,576.1,57.0551015625,53.54581449562608,271.58667,-52.140507,57.08066796875,54.16493561336522,287.64172,-59.13808,8.00094482421875,-41.1321953125,99.077484375,0.951836181640625,0.001906692385673523,1042.09675,-781.903375,-1.249651123046875,0.09099809338594919,-0.9435612,-1.6255153
49,196000,1811.9639782905579,56.666666666666664,49.55356424281372,100.0,0.0,0.5666666666666667,0.49553566126289234,1.0,0.0,482.46666666666664,48.542296875,53.32862739654941,265.41333,-47.413506,48.567890625,53.940960781209675,276.59998,-61.37169,8.00324365234375,-32.377939453125,101.0198515625,0.9559622802734375,4.2878508567810056e-05,1061.8245,-775.832375,-1.2693128662109374,0.09190263605000377,-0.93936014,-1.5818192
50,200000,1845.350420475006,70.0,45.8257569495584,100.0,0.0,0.7,0.4582575764325439,1.0,0.0,407.9,40.01588671875,53.34514035973661,260.67908,-64.69468,40.038875,53.98927208251654,275.2628,-76.29317,8.0014443359375,-23.498859375,103.3587890625,0.9667734985351563,0.0014013012647628785,1081.522875,-765.919,-1.2917808837890625,0.09090791935599309,-0.94666857,-1.5846142
51,204000,1878.945698261261,56.666666666666664,49.55356424281372,100.0,0.0,0.5666666666666667,0.49553566126289234,1.0,0.0,508.53333333333336,31.456666015625,53.24754689185221,252.9529,-65.748665,31.484470703125,53.89979823709918,265.82648,-78.34969,8.0022509765625,-14.682248046875,105.8774375,0.9718761596679687,0.0006058146953582764,1101.21225,-759.78475,-1.3100166015625,0.09549880533319964,-0.98458385,-1.632141
52,208000,1912.4832470417023,56.666666666666664,49.553566870441664,100.0,0.0,0.5666666666666667,0.49553566126289234,1.0,0.0,492.46666666666664,22.29072265625,53.080330631977034,246.58728,-76.29408,22.31384375,53.75021860420662,251.92705,-86.61174,8.00165087890625,-5.1449189453125,108.797546875,0.9831619873046875,0.001455965518951416,1120.8465,-742.65475,-1.337382080078125,0.09391159880221081,-1.0030385,-1.7585343
53,212000,1945.7267558574677,70.0,45.8257569495584,100.0,0.0,0.7,0.4582575764325439,1.0,0.0,434.1333333333333,12.996123046875,53.03137279007588,237.68147,-102.95148,13.0220576171875,53.70897736877886,254.15952,-103.88125,8.0017509765625,4.4123701171875,112.3210703125,0.98822509765625,0.001098607063293457,1140.482375,-734.84375,-1.3556416015625,0.09691564876145398,-0.9909819,-1.7403933
54,216000,1980.9486360549927,73.33333333333333,44.22166141769966,100.0,0.0,0.7333333333333333,0.44221664350644707,1.0,0.0,411.06666666666666,3.889482666015625,53.61120685080686,230.53596,-113.0086,3.9130205078125,54.294592272159115,240.41902,-114.16509,8.003046875,13.835404296875,115.9358515625,0.9941605224609374,-0.0002967237234115601,1160.0665,-716.7885625,-1.3820843505859375,0.09764728474472589,-1.0503596,-1.7090744
55,220000,2015.2194302082062,43.333333333333336,49.55356424281372,100.0,0.0,0.43333333333333335,0.49553566126289234,1.0,0.0,521.2666666666667,-5.5033173828125,54.36909738077321,228.14494,-118.98964,-5.4794951171875,55.05514281154849,236.66183,-126.47398,8.0021142578125,23.5735,119.593421875,1.0047484130859374,0.0008922706842422485,1179.62975,-701.631875,-1.4051773681640625,0.09808357676495011,-1.0146278,-1.7812855
56,224000,2038.7934455871582,60.0,48.98979485566356,100.0,0.0,0.6,0.4898979258453737,1.0,0.0,513.4,-15.1407822265625,55.10250674878594,223.94429,-129.64256,-15.116142578125,55.785228779668905,226.37097,-142.44449,7.9998623046875,33.5151796875,123.966859375,1.0134530029296875,0.003164155960083008,1199.183375,-689.73175,-1.42480126953125,0.09898704085640364,-1.0154841,-1.7614669
57,228000,2062.1545708179474,66.66666666666667,47.140453920527044,100.0,0.0,0.6666666666666666,0.47140454888892985,1.0,0.0,451.06666666666666,-25.010154296875,55.59989883084321,211.17952,-151.30095,-24.987947265625,56.2796877212374,222.18636,-157.32622,8.0035078125,43.70708984375,128.8466484375,1.0201470947265625,-0.0007935072183609009,1218.71325,-676.249625,-1.4450784912109376,0.10090831228294807,-1.0703236,-1.7846577
58,232000,2085.6050086021423,50.0,50.0,100.0,0.0,0.5,0.5,1.0,0.0,500.26666666666665,-34.77979296875,56.402515458089276,208.03165,-156.87616,-34.7548984375,57.1002999116467,211.92233,-170.35922,8.00063232421875,53.7475390625,134.202359375,1.026105224609375,0.0021939756870269773,1238.208375,-663.1295,-1.4644237060546874,0.10316913931681822,-1.1017503,-1.8094696
59,236000,2109.0848808288574,53.333333333333336,49.888766896967894,100.0,0.0,0.5333333333333333,0.4988876526318596,1.0,0.0,502.76666666666665,-44.8200078125,57.64855158631481,198.27249,-165.7096,-44.79734765625,58.35119107610401,210.2469,-174.22008,8.00183642578125,64.102703125,139.87715625,1.033078857421875,0.0006311134099960327,1257.67775,-653.0926875,-1.480697265625,0.10508804444641306,-1.1088825,-1.8279192
60,240000,2132.63898396492,50.0,50.0,100.0,0.0,0.5,0.5,1.0,0.0,499.6,-54.7599296875,58.672114330404014,185.77844,-183.245,-54.73873046875,59.36825119539905,200.31683,-192.3953,8.0017705078125,74.3136875,144.84328125,1.039660400390625,0.0007845494747161866,1277.124,-639.78875,-1.4989991455078124,0.10539991605056807,-1.1093686,-1.8387641
61,244000,2156.042546749115,63.333333333333336,48.18944008199998,100.0,0.0,0.6333333333333333,0.4818943614508729,1.0,0.0,458.56666666666666,-64.00692578125,59.88436565582039,182.46042,-195.15984,-63.98396875,60.5871913031129,196.84589,-213.05774,8.001029296875,83.848640625,150.7458125,1.048361083984375,0.0018738956451416016,1296.5135,-630.707875,-1.51350634765625,0.10762135243188305,-1.1313086,-1.891857
62,248000,2179.572589635849,66.66666666666667,47.14045115839121,100.0,0.0,0.6666666666666666,0.47140454888892985,1.0,0.0,478.03333333333336,-73.282609375,61.01159520943539,172.54436,-215.33525,-73.258359375,61.71256152518708,184.21571,-212.45195,8.00129443359375,93.413171875,157.89434375,1.054185302734375,0.0016878983974456788,1315.878875,-619.991625,-1.5288204345703125,0.10815557764125967,-1.1301539,-1.872926
63,252000,2203.0565745830536,53.333333333333336,49.888766896967894,100.0,0.0,0.5333333333333333,0.4988876526318596,1.0,0.0,500.93333333333334,-82.646328125,62.006275892041764,166.41165,-224.08656,-82.6258046875,62.69697759860518,178.40956,-231.2268,8.003125,103.056265625,163.57859375,1.06227734375,-0.0010337564945220948,1335.21,-608.277125,-1.5444102783203124,0.10986638016462777,-1.0769823,-1.8959366
64,256000,2226.5177080631256,56.666666666666664,49.55356424281372,100.0,0.0,0.5666666666666667,0.49553566126289234,1.0,0.0,508.93333333333334,-91.7932578125,62.97756743476204,162.64294,-228.61667,-91.7728984375,63.68390887814598,168.04242,-235.9668,7.9999248046875,112.503140625,170.522828125,1.0683795166015626,0.002903930187225342,1354.493625,-597.16725,-1.55909130859375,0.10903848378180325,-1.1523525,-1.9373693
65,260000,2249.9587194919586,50.0,50.0,100.0,0.0,0.5,0.5,1.0,0.0,514.3333333333334,-100.8496796875,64.24803304382166,148.37949,-241.24818,-100.8317890625,64.93651515133838,162.28825,-249.4086,8.002650390625,121.849046875,176.88415625,1.0767275390625,-0.0003715437054634094,1373.687125,-580.48025,-1.577404296875,0.11014915930470022,-1.2008237,-1.9786303
66,264000,2273.4288432598114,66.66666666666667,47.14045115839121,100.0,0.0,0.6666666666666666,0.47140453203019117,1.0,0.0,467.8666666666667,-110.123359375,65.60785014005565,153.171,-252.37056,-110.10571875,66.29307279045074,156.50752,-260.11624,8.00159423828125,131.39215625,183.385921875,1.0828253173828124,0.0013888146877288818,1392.854125,-565.8595,-1.593697265625,0.11274733587192125,-1.2266768,-1.971568
67,268000,2296.938104391098,53.333333333333336,49.888766896967894,100.0,0.0,0.5333333333333333,0.498887636701848,1.0,0.0,516.7,-119.740375,66.2766512431037,137.21994,-263.17892,-119.726203125,66.97800758457959,161.17003,-271.097,8.003681640625,141.3443125,192.138125,1.0911905517578124,-0.0014067845344543457,1411.8855,-551.7650625,-1.609183349609375,0.11244943966113187,-1.2750456,-1.9660256
68,272000,2320.4654247760773,53.333333333333336,49.888766896967894,100.0,0.0,0.5333333333333333,0.4988876526318596,1.0,0.0,537.5666666666667,-128.6375859375,67.28113777278146,142.06793,-269.14044,-128.6155859375,67.98006693141748,145.823,-282.1981,8.00025146484375,150.55078125,200.76309375,1.099009521484375,0.0025016653537750246,1430.91425,-535.8139375,-1.62552392578125,0.11473091239332997,-1.2336541,-2.0082438
69,276000,2343.93292093277,46.666666666666664,49.888766896967894,100.0,0.0,0.4666666666666667,0.498887636701848,1.0,0.0,547.9666666666667,-138.186359375,68.52797239084197,122.76226,-289.03763,-138.171640625,69.23485393932741,144.33032,-291.66714,8.00266259765625,160.391234375,209.2465,1.10376904296875,-0.0004375312328338623,1449.8005,-519.02253125,-1.641993408203125,0.11428838232877017,-1.2488756,-2.0500436
70,280000,2367.3487787246704,63.333333333333336,48.18944008199998,100.0,0.0,0.6333333333333333,0.48189437794263223,1.0,0.0,437.9,-147.75425,69.7830244400456,119.12237,-299.34012,-147.736859375,70.47876985305575,142.35059,-304.4106,7.99882177734375,170.222875,217.42925,1.1118619384765625,0.0036024458408355714,1468.662375,-507.80884375,-1.6542119140625,0.11759471890275668,-1.2019664,-2.0593567
71,284000,2390.752645254135,73.33333333333333,44.22165994547619,100.0,0.0,0.7333333333333333,0.44221664350644707,1.0,0.0,459.03333333333336,-157.406515625,70.9611865740702,104.50308,-306.34543,-157.392640625,71.66455539525798,125.63717,-322.22083,8.00295947265625,180.21953125,228.630625,1.1193646240234374,-0.0004987667798995971,1487.37125,-490.7193125,-1.6700550537109375,0.11777789915626397,-1.2737556,-2.077544
72,288000,2414.2544615268707,50.0,50.0,100.0,0.0,0.5,0.5,1.0,0.0,485.3,-167.3624375,72.5883461720957,114.83443,-317.2579,-167.346390625,73.31260805618635,118.259865,-331.5771,8.00045361328125,190.50171875,238.285484375,1.12765478515625,0.0019576761722564697,1505.92,-470.958,-1.687241943359375,0.1188787826112766,-1.2670494,-2.1588957
73,292000,2437.67143702507,70.0,45.8257569495584,100.0,0.0,0.7,0.4582575764325439,1.0,0.0,430.8333333333333,-177.40796875,74.13024011832148,90.808556,-335.96057,-177.392765625,74.84090793142478,113.08444,-343.09012,8.00173974609375,200.862359375,251.90059375,1.13225146484375,0.0006101758480072021,1524.372625,-458.2356875,-1.6993890380859376,0.11964527550634321,-1.278062,-2.1320398
74,296000,2461.078500032425,63.333333333333336,48.18944008199998,100.0,0.0,0.6333333333333333,0.48189437794263223,1.0,0.0,412.8333333333333,-187.46434375,75.68149707821588,83.41112,-345.89575,-187.449875,76.3887884443784,120.47988,-358.44476,8.001986328125,211.27225,260.759359375,1.1425767822265624,0.0003836658000946045,1542.644,-432.152375,-1.719851318359375,0.12114862195536757,-1.3036705,-2.1162288
75,300000,2484.622786998749,46.666666666666664,49.888766896967894,100.0,0.0,0.4666666666666667,0.498887636701848,1.0,0.0,528.1333333333333,-197.66915625,77.4410582314059,84.696594,-358.53717,-197.651828125,78.14931541606747,113.26968,-372.27716,8.00061572265625,221.76534375,272.8168125,1.1477109375,0.0020607843399047853,1560.6645,-411.88775,-1.73606396484375,0.12153309130481497,-1.3102448,-2.158346
76,304000,2508.307967185974,33.333333333333336,47.140453920527044,100.0,0.0,0.3333333333333333,0.4714044983127119,1.0,0.0,574.2666666666667,-208.321890625,79.2241535139379,82.70985,-370.07587,-208.306203125,79.94309851388049,107.52666,-389.60077,8.00032958984375,232.71659375,287.02865625,1.1531787109375,0.0017053678035736084,1578.453875,-390.95771875,-1.7523021240234375,0.12430022632581342,-1.3120126,-2.187806
77,308000,2531.7370269298553,66.66666666666667,47.14045115839121,100.0,0.0,0.6666666666666666,0.47140453203019117,1.0,0.0,448.9,-219.0948125,80.8559305184227,83.63111,-382.12805,-219.08440625,81.57459163244398,112.996765,-407.6584,8.00136279296875,243.913953125,301.9193125,1.1633531494140625,0.0010469448566436767,1596.0335,-377.57634375,-1.763427978515625,0.12459217682307623,-1.3117634,-2.1933894
78,312000,2555.1522703170776,66.66666666666667,47.14045115839121,100.0,0.0,0.6666666666666666,0.47140454888892985,1.0,0.0,450.8,-230.1045,82.82230375931353,83.638435,-401.80624,-230.085734375,83.53860484829754,105.38838,-419.88217,8.00215966796875,255.1638125,315.6943125,1.1669112548828124,-0.00012612640857696534,1613.4905,-362.548125,-1.775285888671875,0.126208966829245,-1.3431333,-2.1791248
79,316000,2578.6391310691833,40.0,48.98979485566356,100.0,0.0,0.4,0.48989795829003324,1.0,0.0,540.8333333333334,-240.712953125,84.79655063739327,80.74167,-415.98962,-240.697671875,85.50358472017416,103.35143,-424.6752,8.00298828125,266.09021875,328.660875,1.1742451171875,-0.0012528293132781983,1630.5245,-336.959,-1.7933236083984374,0.12524704743520046,-1.3743322,-2.2085707
80,320000,2602.11759185791,56.666666666666664,49.55356424281372,100.0,0.0,0.5666666666666667,0.49553566126289234,1.0,0.0,466.3666666666667,-251.206046875,86.63745437165153,82.338776,-426.71475,-251.19059375,87.34852030801667,103.92697,-442.93054,8.000578125,276.98384375,343.862625,1.183409423828125,0.0017842752933502196,1647.16425,-321.3416875,-1.8049091796875,0.13045932027580925,-1.3170534,-2.331538
81,324000,2625.6770009994507,46.666666666666664,49.888766896967894,100.0,0.0,0.4666666666666667,0.498887636701848,1.0,0.0,525.3666666666667,-261.952125,88.96004440196734,75.78131,-437.42462,-261.933859375,89.67509130187713,102.971985,-468.06512,8.00081689453125,288.031375,359.92134375,1.189013916015625,0.0013411805629730226,1663.36375,-289.4879375,-1.825940185546875,0.12899606246261697,-1.3649015,-2.2601988
82,328000,2649.192375898361,63.333333333333336,48.18944008199998,100.0,0.0,0.6333333333333333,0.4818943614508729,1.0,0.0,426.56666666666666,-273.26034375,90.53472814340363,76.872696,-453.1809,-273.2474375,91.25312871348576,98.788086,-469.1789,8.001048828125,299.702,377.01675,1.200518798828125,0.00158585786819458,1678.84075,-267.73540625,-1.84051220703125,0.13148315066460572,-1.3265978,-2.3282154
83,332000,2672.6313331127167,63.333333333333336,48.18944008199998,100.0,0.0,0.6333333333333333,0.4818943614508729,1.0,0.0,466.06666666666666,-284.5331875,92.37213324374403,81.027016,-466.16043,-284.51725,93.09361417412045,102.870224,-484.36694,8.00154345703125,311.409625,397.55215625,1.208871337890625,8.127450942993164e-05,1693.780875,-245.796625,-1.854874755859375,0.1316794789192949,-1.3558749,-2.3096302
84,336000,2696.1251151561737,63.333333333333336,48.18944008199998,100.0,0.0,0.6333333333333333,0.4818943614508729,1.0,0.0,480.73333333333335,-296.3238125,95.05053918837073,72.12074,-488.2793,-296.3081875,95.7606129888484,99.8168,-503.03778,7.99825048828125,323.5973125,418.2803125,1.2215650634765625,0.004937378883361816,1707.8025,-215.850375,-1.873606201171875,0.1332506201409372,-1.400298,-2.2845712
85,340000,2719.5820932388306,63.333333333333336,48.18944008199998,100.0,0.0,0.6333333333333333,0.4818943614508729,1.0,0.0,463.5,-307.948125,96.8885854990153,65.27252,-493.64877,-307.93834375,97.62316323496181,88.13195,-513.705,8.00263671875,335.471625,437.81646875,1.2226317138671876,-0.0011222405433654785,1721.295875,-204.2955625,-1.8812950439453124,0.1374273767286261,-1.4196509,-2.3847415
86,344000,2743.1083612442017,56.666666666666664,49.55356161518564,100.0,0.0,0.5666666666666667,0.49553566126289234,1.0,0.0,490.9,-319.26203125,99.00029797934954,61.680443,-517.7407,-319.24940625,99.71524457173035,78.452385,-522.804,8.000314453125,347.11496875,455.18903125,1.23064599609375,0.002766993284225464,1733.4545,-173.08078125,-1.90014501953125,0.1355720114143427,-1.2198414,-2.3928094
87,348000,2766.536353111267,76.66666666666667,42.295258981257774,100.0,0.0,0.7666666666666667,0.4229525333222696,1.0,0.0,403.1333333333333,-330.791375,100.56846424202767,66.41064,-523.09,-330.77878125,101.29164822432301,92.39498,-541.80164,8.0036455078125,359.09815625,478.8991875,1.241447021484375,-0.002375223159790039,1744.49625,-148.1286875,-1.9150828857421875,0.13900726936048557,-1.3981063,-2.5650496
88,352000,2789.9391844272614,63.333333333333336,48.18944008199998,100.0,0.0,0.6333333333333333,0.48189439443439097,1.0,0.0,468.9,-343.09346875,102.01998823759979,45.343857,-540.5113,-343.08075,102.75115571126194,68.45034,-553.4448,7.999376953125,371.7606875,505.9335,1.246952880859375,0.0032376503944396974,1754.529625,-133.77578125,-1.923742431640625,0.14081738684547546,-1.4262351,-2.4769597
89,356000,2813.4308729171753,56.666666666666664,49.55356424281372,100.0,0.0,0.5666666666666667,0.49553567730066006,1.0,0.0,514.7,-354.646625,103.95797708689796,45.20812,-550.0013,-354.6310625,104.70601224380576,56.24539,-568.8231,8.00330712890625,383.56846875,524.98325,1.2538087158203124,-0.0012962632179260253,1763.152625,-108.0030625,-1.938736328125,0.14320695554580867,-1.4517624,-2.4120958
90,360000,2836.977066516876,53.333333333333336,49.888769506940804,100.0,0.0,0.5333333333333333,0.49888766856187067,1.0,0.0,483.3333333333333,-366.46975,105.53400399871124,38.643246,-565.3353,-366.4556875,106.26105589537495,63.33924,-588.79407,7.999228515625,395.72575,546.895,1.2624151611328125,0.0033495049476623536,1770.04925,-84.499609375,-1.952259033203125,0.14367223211662047,-1.4236783,-2.4689224
91,364000,2860.3341422080994,73.33333333333333,44.22165994547619,100.0,0.0,0.7333333333333333,0.44221664350644707,1.0,0.0,389.7,-378.35865625,106.96250745004063,49.947807,-586.0891,-378.344875,107.71724560162129,79.95896,-597.55414,8.00286328125,408.03603125,570.31375,1.271495361328125,-0.0008041819334030151,1775.103375,-47.08144921875,-1.9734737548828125,0.14222961472796045,-1.504423,-2.472946
92,368000,2883.7360010147095,73.33333333333333,44.22166141769966,100.0,0.0,0.7333333333333333,0.44221666147792305,1.0,0.0,392.43333333333334,-390.591875,109.30581869232763,55.112846,-593.55225,-390.5795625,110.05509075004208,82.21473,-616.0881,7.99839599609375,420.67403125,596.10625,1.281243408203125,0.004054999828338623,1777.57875,-19.5855234375,-1.988981201171875,0.14373351956310015,-1.2919482,-2.5543594
93,372000,2907.187963247299,56.666666666666664,49.55356424281372,100.0,0.0,0.5666666666666667,0.49553566126289234,1.0,0.0,501.6666666666667,-402.65946875,111.28744763000003,56.25928,-606.4786,-402.646,112.01672642958283,78.331436,-624.22675,8.005580078125,433.035375,624.521625,1.28528076171875,-0.004888513565063477,1778.783875,-8.2075009765625,-1.9953851318359375,0.14622307423578826,-1.4502798,-2.5692017
94,376000,2930.633207798004,66.66666666666667,47.140453920527044,100.0,0.0,0.6666666666666666,0.47140454888892985,1.0,0.0,458.3666666666667,-414.44653125,113.07021712192827,73.5436,-623.28455,-414.4351875,113.8189351557991,59.13146,-644.4474,7.9996435546875,445.110375,647.1215,1.289744140625,0.0027083003520965575,1778.149,23.01190625,-2.012942138671875,0.14738640241701959,-1.5066646,-2.5422661
95,380000,2954.0611238479614,73.33333333333333,44.22165994547619,100.0,0.0,0.7333333333333333,0.44221664350644707,1.0,0.0,440.8,-425.59034375,115.7955525916259,48.267376,-647.12463,-425.574,116.5475911376979,96.00902,-659.56244,8.00163623046875,456.6371875,668.136125,1.2992523193359375,0.00042202186584472655,1775.421875,47.93973828125,-2.02700244140625,0.1513493058994333,-1.4516324,-2.6484869
96,384000,2977.532752752304,43.333333333333336,49.55356424281372,100.0,0.0,0.43333333333333335,0.49553567730066006,1.0,0.0,545.5333333333333,-437.7303125,118.13343303231308,73.86035,-658.36633,-437.72303125,118.8631818520773,98.608086,-677.5221,7.99960302734375,469.1611875,698.343375,1.30912890625,0.003550464868545532,1771.0475,77.90546875,-2.043995361328125,0.14748498743243102,-1.5530118,-2.5578752
97,388000,3000.9587848186493,70.0,45.8257569495584,100.0,0.0,0.7,0.4582575937749431,1.0,0.0,470.43333333333334,-449.980375,119.78552082785298,67.48274,-664.6843,-449.96834375,120.5184633157924,90.97868,-683.7621,8.00005126953125,481.799,724.836125,1.317381591796875,0.002087473392486572,1764.734,93.9510859375,-2.0532431640625,0.15316824166225274,-1.514245,-2.6758068
98,392000,3024.3519270420074,70.0,45.8257569495584,100.0,0.0,0.7,0.4582575764325439,1.0,0.0,475.1333333333333,-462.2665,122.02742314742207,75.71719,-692.1392,-462.2535625,122.77057057780581,78.94071,-700.85223,8.00285888671875,494.33378125,751.072,1.3179263916015624,-0.0010865035057067872,1757.6595,110.632578125,-2.06294970703125,0.1548317223428466,-1.3883055,-2.6237435
99,396000,3047.7481327056885,80.0,40.0,100.0,0.0,0.8,0.39999998807907083,1.0,0.0,415.23333333333335,-474.33784375,124.49331307343378,89.624695,-704.55927,-474.32253125,125.23759818840347,100.04764,-723.65674,8.00021728515625,506.87171875,782.7625625,1.3334625244140625,0.0023007431030273437,1748.8035,146.87165625,-2.0839814453125,0.15549944243990424,-1.5595928,-2.6390061
100,400000,3071.11416554451,73.33333333333333,44.22166141769966,100.0,0.0,0.7333333333333333,0.44221666147792305,1.0,0.0,407.8333333333333,-486.944,126.28216026026796,80.68542,-725.12054,-486.934375,127.02393868873693,79.30197,-730.55853,8.002791015625,519.81478125,817.9035,1.339019775390625,-0.001093326210975647,1738.75625,166.8135625,-2.095943603515625,0.15272725666756154,-1.48812,-2.6289823
101,404000,3094.5588991642,70.0,45.8257569495584,100.0,0.0,0.7,0.4582575764325439,1.0,0.0,432.96666666666664,-498.9248125,129.2550656647545,83.16299,-730.51245,-498.90921875,129.9960537862592,77.91373,-739.3625,7.99932080078125,532.183125,846.2685625,1.345989501953125,0.0033662369251251222,1727.497375,198.88828125,-2.1151435546875,0.15944359593418553,-1.5135444,-2.7005289
102,408000,3117.928849697113,73.33333333333333,44.22165994547619,100.0,0.0,0.7333333333333333,0.44221664350644707,1.0,0.0,418.9,-511.0511875,131.28060024238158,85.831276,-755.60144,-511.0459375,132.04299299849274,78.90619,-763.0803,8.0008203125,544.5855,868.7533125,1.3501282958984375,0.0009563162326812744,1715.339,213.28015625,-2.124347412109375,0.15734859758351527,-1.470342,-2.6392388
103,412000,3141.375649213791,73.33333333333333,44.22166141769966,100.0,0.0,0.7333333333333333,0.44221664350644707,1.0,0.0,413.1,-523.681375,134.20474656285447,109.13791,-758.3672,-523.668125,134.93482871371646,88.48245,-783.2058,8.00201171875,557.569375,903.797125,1.356876953125,1.2033343315124511e-05,1702.4135,235.83259375,-2.138539306640625,0.15935930361775597,-1.5951754,-2.6687882
104,416000,3164.7517099380493,73.33333333333333,44.22166141769966,100.0,0.0,0.7333333333333333,0.44221666147792305,1.0,0.0,436.93333333333334,-535.986375,137.49269798792952,128.29675,-804.96466,-535.9773125,138.20257595283817,79.1236,-808.7252,7.9996083984375,570.29125,936.63025,1.36921533203125,0.0038175439834594728,1688.863875,257.647484375,-2.152571044921875,0.16186021891975186,-1.6195112,-2.7751622
105,420000,3188.242092847824,66.66666666666667,47.14045115839121,100.0,0.0,0.6666666666666666,0.47140454888892985,1.0,0.0,464.5,-548.7583125,139.88619660280997,103.88413,-791.5497,-548.7486875,140.6026244420779,90.654526,-817.20215,8.0001552734375,583.3804375,966.6384375,1.3743218994140625,0.0021799054145812988,1674.66,283.0445625,-2.1690400390625,0.16227956639413166,-1.5684904,-2.758798
106,424000,3211.694959640503,63.333333333333336,48.18944008199998,100.0,0.0,0.6333333333333333,0.48189437794263223,1.0,0.0,440.56666666666666,-561.0009375,142.52227194372114,92.97282,-821.0692,-560.98925,143.25688814154802,93.17332,-837.4811,8.0021494140625,595.9154375,1001.957875,1.378353515625,-0.00024364089965820312,1659.8705,292.866875,-2.17644873046875,0.16600777784763038,-1.6289128,-2.8648784
107,428000,3235.2381904125214,60.0,48.98979485566356,100.0,0.0,0.6,0.48989794206770376,1.0,0.0,458.76666666666665,-573.8436875,144.80702331033532,98.735535,-822.1472,-573.838625,145.52686349949278,92.11717,-847.014,8.002255859375,609.222875,1036.4065,1.390649169921875,-0.0006131169795989991,1644.66825,327.61221875,-2.199208984375,0.16269884707857718,-1.5852892,-2.797066
108,432000,3258.6831505298615,76.66666666666667,42.295258981257774,100.0,0.0,0.7666666666666667,0.4229525521122878,1.0,0.0,448.8,-586.30475,147.35719188421038,114.64852,-856.7364,-586.294375,148.08473925425267,113.426384,-856.7469,8.00111181640625,621.9065625,1067.8,1.391576904296875,0.0008116028308868408,1629.093625,329.2654375,-2.20212109375,0.16583823243129886,-1.6114578,-2.7827365
109,436000,3282.119269132614,53.333333333333336,49.888766896967894,100.0,0.0,0.5333333333333333,0.498887636701848,1.0,0.0,459.53333333333336,-598.363375,148.9276938651774,128.88983,-881.51624,-598.35025,149.65425486767825,112.747375,-884.6206,7.99790576171875,634.2853125,1101.18175,1.39676513671875,0.005466624259948731,1613.183625,356.251125,-2.220838134765625,0.1680037322765119,-1.6279185,-2.7886994
110,440000,3305.586817741394,73.33333333333333,44.22166141769966,100.0,0.0,0.7333333333333333,0.44221664350644707,1.0,0.0,423.1,-610.2106875,151.74632120746782,121.39133,-866.7138,-610.2028125,152.46454013966658,91.70737,-891.58606,8.00339404296875,646.4611875,1131.24125,1.406897705078125,-0.0022393717765808105,1597.109625,365.7505625,-2.22901806640625,0.1702772415481817,-1.6728241,-2.8404646
111,444000,3329.1339161396027,60.0,48.98979485566356,100.0,0.0,0.6,0.4898979258453737,1.0,0.0,471.56666666666666,-622.362875,153.9292889608732,122.79005,-908.32416,-622.3589375,154.6478063213313,102.10801,-915.3924,7.9989677734375,658.9504375,1160.3375,1.4105386962890625,0.003959746599197388,1580.744,385.0076875,-2.243569091796875,0.16900588238653114,-1.673343,-2.8668556
112,448000,3352.5781927108765,70.0,45.8257569495584,100.0,0.0,0.7,0.4582575417477435,1.0,0.0,469.46666666666664,-634.0333125,156.73127958387886,147.75732,-908.8622,-634.025875,157.4424720334383,101.27825,-928.0997,8.0040576171875,670.87525,1205.04725,1.41663525390625,-0.0034969844818115233,1564.18275,388.8929375,-2.248615234375,0.17307159591692806,-1.6424958,-2.8534157
113,452000,3376.2009897232056,40.0,48.98979485566356,100.0,0.0,0.4,0.48989795829003324,1.0,0.0,570.4666666666667,-645.4803125,158.58425520839072,141.29962,-906.126,-645.4744375,159.29196464354376,87.3294,-940.4279,7.9993505859375,682.7026875,1239.25975,1.423687255859375,0.0034511597156524658,1547.3525,420.16775,-2.271533447265625,0.17481473107494594,-1.5419178,-2.855074
114,456000,3399.6245131492615,73.33333333333333,44.22166141769966,100.0,0.0,0.7333333333333333,0.44221664350644707,1.0,0.0,455.56666666666666,-656.1899375,161.58347687805212,152.16531,-931.8372,-656.1749375,162.30230435825612,134.37155,-944.8257,8.00375927734375,693.7345625,1282.033125,1.431423583984375,-0.00315423583984375,1530.41125,424.4786875,-2.277362548828125,0.17532084888834995,-1.7154133,-2.9161527
115,460000,3423.065244913101,76.66666666666667,42.29526052053587,100.0,0.0,0.7666666666666667,0.4229525333222696,1.0,0.0,387.6666666666667,-668.1708125,163.52194348160126,152.32817,-975.03,-668.1655,164.24135289262568,104.15889,-976.0389,7.99778369140625,706.0045,1305.71975,1.432447265625,0.005904718399047852,1513.311,440.5343125,-2.29112841796875,0.17436680272021146,-1.6934958,-3.0165823
116,464000,3446.593233346939,46.666666666666664,49.888766896967894,100.0,0.0,0.4666666666666667,0.498887636701848,1.0,0.0,523.1333333333333,-679.89375,165.49056770704487,147.63472,-974.7547,-679.8823125,166.21979424845887,112.79576,-1002.2046,8.00027587890625,718.020625,1338.804,1.44073583984375,0.0017821823358535767,1495.94925,451.5523125,-2.30186962890625,0.18022477209124665,-1.7303814,-3.0906315
117,468000,3469.8973479270935,86.66666666666667,33.99346214715412,100.0,0.0,0.8666666666666667,0.33993463579811,1.0,0.0,337.1333333333333,-690.8960625,167.87367274233324,145.12486,-992.108,-690.8864375,168.61244319444518,124.438255,-986.3646,8.00188720703125,729.351,1381.744125,1.4481697998046874,-0.0005326647758483886,1478.495125,468.632875,-2.31697900390625,0.17912756678039274,-1.703569,-2.9058754
118,472000,3493.3588252067566,56.666666666666664,49.55356161518564,100.0,0.0,0.5666666666666667,0.49553566126289234,1.0,0.0,456.6666666666667,-702.390875,169.6990394787195,149.92635,-1030.8616,-702.3831875,170.4233317360038,128.73164,-1017.9175,8.00012158203125,741.103125,1413.958125,1.4551893310546875,0.0026361370086669922,1460.96525,475.3999375,-2.325420654296875,0.18023915403964194,-1.6523255,-2.9264982
119,476000,3516.797849178314,53.333333333333336,49.888769506940804,100.0,0.0,0.5333333333333333,0.4988876526318596,1.0,0.0,543.1333333333333,-714.0463125,170.99304079406272,165.4225,-1001.52606,-714.0365625,171.69474657076728,99.718994,-1012.11774,8.00146240234375,752.926125,1431.803,1.455306640625,6.95875883102417e-05,1443.289125,481.240875,-2.33345068359375,0.17569840712804993,-1.6254603,-3.0106606
120,480000,3540.274514436722,56.666666666666664,49.55356424281372,100.0,0.0,0.5666666666666667,0.49553566126289234,1.0,0.0,474.9,-724.2259375,173.11534882846178,160.406,-1036.1044,-724.2180625,173.81792772898888,150.33391,-1037.8798,8.0004814453125,763.31975,1465.8905,1.45807080078125,0.0017979726791381835,1425.441125,491.149,-2.344558349609375,0.17983220650806295,-1.714743,-3.0523472
121,484000,3563.7109417915344,70.0,45.8257569495584,100.0,0.0,0.7,0.4582575764325439,1.0,0.0,449.9,-735.0373125,175.87802022993094,142.54593,-1066.4125,-735.0315,176.61325544816845,118.20141,-1057.3807,8.00207421875,774.45175,1496.4495,1.462557861328125,-0.00017491722106933593,1407.57625,496.8035625,-2.3529384765625,0.17900236654581947,-1.6941026,-2.9705715
122,488000,3587.1788418293,73.33333333333333,44.22165994547619,100.0,0.0,0.7333333333333333,0.44221664350644707,1.0,0.0,430.73333333333335,-743.3849375,178.91267702429585,127.872,-1054.6072,-743.3753125,179.60649208756348,131.40295,-1071.124,8.00069970703125,782.966375,1535.688125,1.46638330078125,0.0016159553527832031,1389.68,496.9353125,-2.357584716796875,0.1808631504398055,-1.6912454,-3.0528114
123,492000,3610.601140022278,56.666666666666664,49.55356424281372,100.0,0.0,0.5666666666666667,0.49553567730066006,1.0,0.0,466.6,-754.140125,179.1945032639115,165.74191,-1086.123,-754.1310625,179.89700386610113,132.23613,-1084.3705,8.00153955078125,794.001625,1565.122,1.4710936279296876,7.976794242858887e-05,1371.6885,511.3806875,-2.3728115234375,0.1870655060949416,-1.7080897,-3.111737
124,496000,3633.9163875579834,73.33333333333333,44.22165994547619,100.0,0.0,0.7333333333333333,0.44221664350644707,1.0,0.0,400.1666666666667,-764.735625,180.80086836074653,148.05756,-1109.4065,-764.7264375,181.48134890395764,106.17558,-1124.6495,8.003234375,804.757375,1592.15025,1.4709212646484375,-0.0016452817916870117,1353.601125,521.24184375,-2.38507177734375,0.18507709855535334,-1.7053177,-2.9729245
125,500000,3657.282441139221,76.66666666666667,42.295258981257774,100.0,0.0,0.7666666666666667,0.4229525333222696,1.0,0.0,413.7,-774.47825,182.01286767698596,177.92061,-1103.4802,-774.4754375,182.70191569876874,119.65103,-1114.9465,7.9968056640625,814.774,1601.083875,1.4799019775390625,0.0075662403106689455,1335.51725,524.10421875,-2.392466796875,0.18666679904569744,-1.7717049,-3.0401216
126,504000,3680.850792169571,66.66666666666667,47.14045115839121,100.0,0.0,0.6666666666666666,0.47140454888892985,1.0,0.0,450.9,-784.634625,184.08065623524922,154.03314,-1144.4934,-784.625625,184.7775094539376,110.63083,-1140.2537,8.001705078125,825.1010625,1652.904625,1.48240234375,-0.0002571656703948975,1317.28175,527.75025,-2.400606689453125,0.18832695244076192,-1.6799074,-3.0371587
127,508000,3704.3116343021393,63.333333333333336,48.18944008199998,100.0,0.0,0.6333333333333333,0.4818943614508729,1.0,0.0,458.9,-793.41675,186.9857213800027,163.69145,-1154.1276,-793.4134375,187.6879111717108,131.88947,-1163.8605,8.00017919921875,834.084,1689.66875,1.4853935546875,0.002150157451629639,1299.136,532.6456875,-2.4100234375,0.18754270957256206,-1.6893033,-3.0825982
128,512000,3727.8901200294495,53.333333333333336,49.888766896967894,100.0,0.0,0.5333333333333333,0.49888766856187067,1.0,0.0,489.23333333333335,-802.470625,188.16133502927747,152.31778,-1164.6555,-802.4620625,188.86863159349676,119.06308,-1185.1843,8.00052978515625,843.39025,1715.73625,1.489825927734375,0.0015442531108856201,1280.81725,535.812375,-2.418347412109375,0.1886851885345388,-1.7334706,-3.044575
129,516000,3751.3887989521027,60.0,48.98979485566356,100.0,0.0,0.6,0.4898979258453737,1.0,0.0,449.8,-811.1944375,190.16743149130454,157.18208,-1134.7986,-811.191,190.85030783312874,124.74357,-1150.7018,8.00224267578125,852.29475,1751.6495,1.4914290771484375,-0.0007969529628753662,1262.5225,535.148625,-2.4238818359375,0.18951398426483887,-1.7593848,-3.0527475
130,520000,3774.836817264557,63.333333333333336,48.18944008199998,100.0,0.0,0.6333333333333333,0.48189439443439097,1.0,0.0,463.56666666666666,-820.280875,191.30062205858087,169.18477,-1180.2761,-820.275625,191.9627984792887,142.625,-1195.8983,8.00132666015625,861.49,1760.714875,1.4930257568359375,0.0004997264742851257,1244.15525,534.108625,-2.42927490234375,0.18887029793198815,-1.7223953,-3.1092637
131,524000,3798.2254650592804,66.66666666666667,47.14045115839121,100.0,0.0,0.6666666666666666,0.47140453203019117,1.0,0.0,431.8333333333333,-828.95825,192.90574900712522,153.68845,-1210.8784,-828.952,193.5881607950238,118.968834,-1221.9038,7.99735107421875,870.38925,1808.9225,1.498322265625,0.006471653938293457,1225.782,535.79975,-2.437093505859375,0.18978173016004218,-1.6405925,-3.053606
132,528000,3821.6900112628937,56.666666666666664,49.55356161518564,100.0,0.0,0.5666666666666667,0.49553566126289234,1.0,0.0,450.6333333333333,-837.086125,194.6029804499407,110.01929,-1213.655,-837.082125,195.2511305985192,125.446884,-1209.198,8.0009208984375,878.68675,1822.0645,1.50043798828125,0.0007435457706451416,1207.33275,546.6661875,-2.45282080078125,0.19278196615505655,-1.7677835,-3.2693577
133,532000,3845.3254108428955,46.666666666666664,49.888766896967894,100.0,0.0,0.4666666666666667,0.498887636701848,1.0,0.0,512.4333333333333,-844.498375,195.76487938340728,144.8355,-1192.7585,-844.484375,196.42219833817154,123.71386,-1193.4198,8.00374560546875,886.2490625,1847.288875,1.502090576171875,-0.0027965409755706786,1188.804875,544.975625,-2.458443359375,0.19258125472862503,-1.821784,-3.103525
134,536000,3868.908429145813,50.0,50.0,100.0,0.0,0.5,0.5,1.0,0.0,537.0,-852.33725,196.26780683545635,173.535,-1223.9979,-852.3369375,196.94588089117275,127.628815,-1227.0144,7.99735888671875,894.1885,1878.59325,1.498920166015625,0.005991470336914062,1170.38325,535.763125,-2.45779345703125,0.193820551670869,-1.833403,-3.2517228
135,540000,3892.3101024627686,66.66666666666667,47.14045115839121,100.0,0.0,0.6666666666666666,0.47140454888892985,1.0,0.0,417.06666666666666,-858.755875,197.73690601402663,192.80623,-1203.6451,-858.748375,198.40438503218624,142.05148,-1208.8506,8.00061376953125,900.633375,1880.31875,1.4991962890625,0.0013237178325653076,1151.9125,529.60625,-2.459736328125,0.1946609346686797,-1.7405909,-3.1203492
136,544000,3915.6955893039703,80.0,40.0,100.0,0.0,0.8,0.4000000079472859,1.0,0.0,387.4,-865.6745,198.72918255757003,168.03987,-1223.4546,-865.671125,199.34959242496586,129.83772,-1251.858,8.0000693359375,907.709875,1895.54225,1.5046383056640624,0.0025369062423706056,1133.3905,535.5203125,-2.47250537109375,0.192044515376593,-1.8105977,-3.1561983
137,548000,3939.104654788971,73.33333333333333,44.22165994547619,100.0,0.0,0.7333333333333333,0.44221664350644707,1.0,0.0,369.8333333333333,-872.16125,200.0019799901991,181.35689,-1221.1251,-872.1591875,200.64434205827985,133.73431,-1239.4886,8.005349609375,914.3128125,1938.7835,1.501783447265625,-0.005136011123657226,1114.783,536.148125,-2.480947509765625,0.19730120347473334,-1.8052377,-3.1783009
138,552000,3962.6332273483276,50.0,50.0,100.0,0.0,0.5,0.5,1.0,0.0,494.2,-878.353,200.6946735715724,147.06497,-1263.6572,-878.348625,201.30750606969428,139.58691,-1288.6909,7.99770458984375,920.573625,1946.582,1.506507080078125,0.006000986099243164,1096.24375,524.351,-2.4782744140625,0.19933207561049351,-1.7764028,-3.1558433
139,556000,3986.643972635269,70.0,45.8257569495584,100.0,0.0,0.7,0.4582575764325439,1.0,0.0,428.6333333333333,-884.186375,201.21660965238434,190.2049,-1248.5421,-884.182,201.86808564010312,126.0401,-1276.2238,8.0021171875,926.503375,1972.817125,1.50284130859375,-0.0008884347677230835,1077.7505,529.087,-2.490946044921875,0.1986714583380167,-1.7910646,-3.2691326
140,560000,4010.4509279727936,80.0,40.0,100.0,0.0,0.8,0.4000000079472859,1.0,0.0,413.1,-889.8813125,201.71929010384704,191.17995,-1272.8926,-889.8739375,202.33195496510186,153.72679,-1287.3468,8.00037158203125,932.2671875,1978.5065,1.5026304931640626,0.0011433923244476318,1059.196,514.4353125,-2.48568798828125,0.196963413307245,-1.8800449,-3.1512265
141,564000,4034.4592719078064,63.333333333333336,48.18944008199998,100.0,0.0,0.6333333333333333,0.4818943614508729,1.0,0.0,429.4,-896.505,202.06722643714392,172.37749,-1288.3687,-896.501,202.7056585298003,163.12573,-1299.028,8.00147216796875,939.0004375,1993.025,1.5079549560546874,-2.3058891296386717e-05,1040.5549375,517.96609375,-2.497738037109375,0.19520882013749444,-1.8406727,-3.1888325
142,568000,4058.362053155899,70.0,45.8257569495584,100.0,0.0,0.7,0.4582575764325439,1.0,0.0,402.1666666666667,-901.4715,203.80017664369186,190.41515,-1286.8512,-901.4684375,204.43579921334717,139.02853,-1317.4883,8.00137939453125,943.8796875,2013.356375,1.497767822265625,0.00016567134857177734,1021.9540625,504.2545625,-2.493387451171875,0.19523920499727698,-1.7587521,-3.2604687
143,572000,4082.4716289043427,63.333333333333336,48.189442784009586,100.0,0.0,0.6333333333333333,0.4818943614508729,1.0,0.0,442.73333333333335,-906.5519375,204.5381529201826,175.75565,-1289.939,-906.5475,205.14453441415395,166.98053,-1307.4935,8.00162109375,949.168625,2016.00275,1.506503173828125,-0.00018442702293395996,1003.246875,511.3339375,-2.509673095703125,0.19555825359236492,-1.8169956,-3.1210067
144,576000,4106.28316950798,80.0,40.0,100.0,0.0,0.8,0.4000000079472859,1.0,0.0,408.2,-911.4335,205.39542351279397,131.87614,-1285.8553,-911.429,206.01433930675796,133.74338,-1331.8955,8.00030419921875,953.9854375,2023.63075,1.497686279296875,0.0023369865417480467,984.577875,499.5430625,-2.50739892578125,0.19663065930932522,-1.8767945,-3.2691257
145,580000,4130.120004892349,66.66666666666667,47.140453920527044,100.0,0.0,0.6666666666666666,0.47140454888892985,1.0,0.0,427.03333333333336,-915.0689375,207.10415737015035,196.70671,-1291.4905,-915.0658125,207.70960497771884,191.90814,-1326.8575,7.99759228515625,957.8189375,2035.550875,1.50627783203125,0.00606743860244751,965.845125,498.4620625,-2.516099853515625,0.1969448002194932,-1.7666329,-3.1945438
146,584000,4154.116067171097,76.66666666666667,42.295258981257774,100.0,0.0,0.7666666666666667,0.4229525521122878,1.0,0.0,396.8,-920.604,206.41030982002812,179.05806,-1299.9723,-920.601,206.99866666237247,158.1434,-1326.9373,8.00065478515625,963.31225,2046.724375,1.500226806640625,0.0015115410089492798,947.154,489.10596875,-2.51640087890625,0.20030698105087313,-1.7269144,-3.32138
147,588000,4177.945801973343,70.0,45.8257569495584,100.0,0.0,0.7,0.4582575937749431,1.0,0.0,420.3666666666667,-923.39875,207.35731479742884,174.79958,-1284.3419,-923.3985625,207.92984393780515,162.32774,-1298.5084,8.001658203125,965.981125,2064.2795,1.496005126953125,-0.0005212451219558715,928.521875,476.92540625,-2.513669677734375,0.19659411541503552,-1.7084557,-3.2143152
148,592000,4202.093761920929,70.0,45.8257569495584,100.0,0.0,0.7,0.4582575764325439,1.0,0.0,444.9,-927.251125,207.51799921934483,197.34395,-1316.8015,-927.246625,208.13469677110544,176.00302,-1351.2832,8.0006943359375,969.8784375,2073.09,1.493018310546875,0.0013523099422454833,909.819625,469.6798125,-2.51622412109375,0.1982767057386576,-1.8143829,-3.354969
149,596000,4226.258396863937,63.333333333333336,48.18944008199998,100.0,0.0,0.6333333333333333,0.4818943614508729,1.0,0.0,444.56666666666666,-930.718,208.83850219727205,195.04999,-1283.7561,-930.7155625,209.44132352522985,182.48604,-1308.6493,8.00023583984375,973.4473125,2090.537,1.4929002685546875,0.0022476396560668944,891.067875,470.04553125,-2.527513916015625,0.19617783890215112,-1.8390865,-3.2558656
150,600000,4250.274381637573,73.33333333333333,44.22165994547619,100.0,0.0,0.7333333333333333,0.44221664350644707,1.0,0.0,405.3,-934.9845,208.78957828397472,172.19617,-1313.8804,-934.9785625,209.37201341153502,156.49107,-1334.7233,8.000166015625,977.7014375,2110.0925,1.492490966796875,0.002625432729721069,872.296875,461.4449375,-2.5290107421875,0.19795169988732417,-1.8934854,-3.2245018
151,604000,4274.076642751694,63.333333333333336,48.18944008199998,100.0,0.0,0.6333333333333333,0.48189439443439097,1.0,0.0,449.6333333333333,-937.929125,208.7661945814025,188.27338,-1302.8252,-937.9285,209.36105655063935,157.73871,-1326.7495,8.00125244140625,980.566,2098.7085,1.4938662109375,0.0011374915838241577,853.597625,445.65946875,-2.52207861328125,0.19877794753019362,-1.8550278,-3.188454
152,608000,4297.891921281815,73.33333333333333,44.22165994547619,100.0,0.0,0.7333333333333333,0.44221664350644707,1.0,0.0,410.2,-940.436875,207.701863255966,189.20717,-1307.5597,-940.4368125,208.28760884891832,188.68156,-1344.1924,8.00235400390625,982.9830625,2089.52825,1.48303076171875,-0.0008680191040039062,834.949,436.2719375,-2.5225283203125,0.20028947861567922,-1.6275796,-3.2314458
153,612000,4321.905756473541,76.66666666666667,42.295258981257774,100.0,0.0,0.7666666666666667,0.4229525333222696,1.0,0.0,387.46666666666664,-942.2429375,208.34064413839178,165.59248,-1331.6204,-942.235625,208.93401829285722,187.18364,-1355.265,7.99910595703125,984.7636875,2074.21,1.4890068359375,0.003900829076766968,816.2835,422.59334375,-2.5176875,0.1961511292420456,-1.7154812,-3.251896
154,616000,4345.893898487091,73.33333333333333,44.22165994547619,100.0,0.0,0.7333333333333333,0.44221664350644707,1.0,0.0,399.53333333333336,-943.639625,209.45837772693648,180.40562,-1360.4331,-943.635125,210.030150216582,187.87047,-1393.6536,8.0004111328125,986.00225,2108.7885,1.477816650390625,0.0016108953952789307,797.6155625,411.3858125,-2.5157861328125,0.19598217225252992,-1.7009928,-3.2009544
155,620000,4373.839025735855,60.0,48.98979485566356,100.0,0.0,0.6,0.48989794206770376,1.0,0.0,486.3,-944.8614375,209.2769170262215,181.4686,-1330.8153,-944.8638125,209.81729194706523,179.4889,-1363.9752,7.99923388671875,987.1935,2085.871625,1.477635986328125,0.0036392240524291994,778.82325,406.4743125,-2.52187548828125,0.19661276170168823,-1.8262266,-3.347332
156,624000,4402.973282814026,60.0,48.98979485566356,100.0,0.0,0.6,0.4898979258453737,1.0,0.0,467.1666666666667,-945.59175,210.85750638760766,216.13367,-1309.5897,-945.5895,211.36962884955824,179.30717,-1341.7087,8.0030546875,987.876875,2101.7605,1.4753509521484376,-0.0014843783378601075,760.22,391.5961875,-2.51511572265625,0.198731404520217,-1.8170193,-3.2769775
157,628000,4431.961220026016,60.0,48.98979485566356,100.0,0.0,0.6,0.4898979258453737,1.0,0.0,471.8666666666667,-947.113875,209.2992021007247,185.23296,-1313.0485,-947.10875,209.8473445150069,175.26323,-1334.1069,7.99994921875,989.2565,2090.7435,1.46879638671875,0.002213747501373291,741.5204375,381.73634375,-2.514781005859375,0.19391380031004393,-1.8019282,-3.2465615
158,632000,4466.794065475464,70.0,45.8257569495584,100.0,0.0,0.7,0.4582575764325439,1.0,0.0,438.6666666666667,-948.23475,209.82455528369408,183.43115,-1439.0415,-948.231125,210.35083075661956,162.124,-1449.4911,8.00043359375,990.264625,2082.17025,1.461585205078125,0.0020507678985595703,722.811,372.66765625,-2.51551904296875,0.19642565598739417,-1.8152393,-3.1534185
159,636000,4506.513580799103,83.33333333333333,37.26779846037774,100.0,0.0,0.8333333333333334,0.37267796781688917,1.0,0.0,368.46666666666664,-949.4015,210.67811466785056,203.19759,-1407.6083,-949.3995,211.2051041049908,196.49953,-1418.407,8.00093896484375,991.2631875,2064.58,1.4591531982421875,0.0014175683259963988,704.2615,356.198375,-2.50576806640625,0.19954000981040548,-1.7059319,-3.3470857
160,640000,4545.610476493835,76.66666666666667,42.295258981257774,100.0,0.0,0.7666666666666667,0.4229525333222696,1.0,0.0,368.56666666666666,-949.399875,209.77950328857202,195.2575,-1374.3912,-949.40075,210.29014242232088,209.10045,-1449.3457,7.99825244140625,991.1833125,2093.466,1.454366943359375,0.00529432201385498,685.6649375,347.4178125,-2.506722900390625,0.20314423924811964,-1.689481,-3.263228
161,644000,4584.797447443008,63.333333333333336,48.189442784009586,100.0,0.0,0.6333333333333333,0.4818943614508729,1.0,0.0,454.6,-947.858375,210.41926717864976,243.66563,-1430.7994,-947.8569375,210.90403504911896,202.42049,-1427.9067,8.00279150390625,989.4853125,2057.258,1.446574951171875,-0.0016005425453186036,667.0345625,337.4999375,-2.50591357421875,0.19672598876239258,-1.7909392,-3.1355789
162,648000,4621.712453842163,73.33333333333333,44.22166141769966,100.0,0.0,0.7333333333333333,0.44221664350644707,1.0,0.0,392.53333333333336,-946.6175625,210.21549895286026,204.31425,-1481.3958,-946.616875,210.70802547601266,242.51831,-1445.2627,7.99954833984375,987.98925,2045.4275,1.443074951171875,0.0031478033065795896,648.5715,319.5919375,-2.49274609375,0.1942615278399984,-1.7186661,-3.1615124
163,652000,4658.792689323425,56.666666666666664,49.55356161518564,100.0,0.0,0.5666666666666667,0.49553566126289234,1.0,0.0,473.7,-945.0554375,209.4723657192041,204.19514,-1343.3708,-945.0533125,209.96206324000534,205.62474,-1381.929,8.0007998046875,986.19175,2028.138625,1.4340445556640624,0.0017413864135742189,630.032875,306.26471875,-2.486119140625,0.19517635880186987,-1.7226781,-3.1665363
164,656000,4687.079330921173,60.0,48.98979485566356,100.0,0.0,0.6,0.4898979258453737,1.0,0.0,441.3,-941.3408125,210.57065322594218,240.0201,-1439.79,-941.341,211.04518947372384,224.28421,-1482.1343,7.9999677734375,982.320125,2018.7705,1.421518798828125,0.0025433404445648193,611.56675,291.51975,-2.4766826171875,0.19682037079991596,-1.6858937,-3.131607
165,660000,4713.936378002167,50.0,50.0,100.0,0.0,0.5,0.5,1.0,0.0,474.8666666666667,-939.5345,209.02128121318174,253.3904,-1428.0782,-939.5278125,209.49536510386093,242.21516,-1469.0522,8.002212890625,980.32525,1997.679125,1.4179515380859375,-0.0007563350200653076,593.0995625,282.29078125,-2.47595458984375,0.19518088338766743,-1.8014586,-3.2582822
166,664000,4738.909607172012,60.0,48.98979485566356,100.0,0.0,0.6,0.4898979258453737,1.0,0.0,433.3333333333333,-937.0968125,208.20232467482202,246.3488,-1443.238,-937.1000625,208.66017348789873,195.39221,-1500.3939,8.00064501953125,977.6578125,1971.046,1.4120087890625,0.0019713993072509764,574.690875,267.16728125,-2.46484375,0.19639801857875286,-1.7009953,-3.198237
167,668000,4763.9208924770355,63.333333333333336,48.18944008199998,100.0,0.0,0.6333333333333333,0.4818943614508729,1.0,0.0,429.03333333333336,-933.8796875,208.8458666098039,225.76207,-1467.2972,-933.8741875,209.30864291758235,220.35617,-1469.7488,7.9991494140625,974.2209375,1948.81525,1.408042236328125,0.00401445722579956,556.390625,253.976875,-2.45641748046875,0.19853916717695858,-1.809019,-3.1598122
168,672000,4788.891527175903,73.33333333333333,44.22165994547619,100.0,0.0,0.7333333333333333,0.44221664350644707,1.0,0.0,378.56666666666666,-930.5004375,208.31076784458358,266.47156,-1413.7964,-930.502125,208.76513118813688,269.76862,-1488.1069,8.0001484375,970.5271875,1893.45925,1.398738525390625,0.0021931166648864746,538.1711875,240.20090625,-2.446302001953125,0.19660228429730406,-1.7830886,-3.1494548
169,676000,4813.409497976303,60.0,48.98979485566356,100.0,0.0,0.6,0.4898979258453737,1.0,0.0,434.06666666666666,-926.3961875,205.47273298420887,215.17545,-1541.2407,-926.39475,205.92752123016487,208.60753,-1562.2922,8.00191455078125,966.199375,1883.540875,1.39212841796875,0.00010763072967529296,519.99840625,225.65859375,-2.43399462890625,0.1923310526817851,-1.8553123,-3.1962707
170,680000,4837.545699834824,76.66666666666667,42.295258981257774,100.0,0.0,0.7666666666666667,0.4229525333222696,1.0,0.0,334.8333333333333,-921.9755625,204.8669812341657,252.30629,-1516.9642,-921.973625,205.299732099192,235.66106,-1550.4534,8.00218505859375,961.31875,1870.77575,1.37423828125,-0.0002480983734130859,501.91465625,208.3461875,-2.415068359375,0.19105031078865434,-1.5354141,-3.098568
171,684000,4862.829513788223,86.66666666666667,33.99346214715412,100.0,0.0,0.8666666666666667,0.33993461241924416,1.0,0.0,347.7,-916.993875,204.6400449569927,250.33124,-1579.2667,-916.9889375,205.06452643009712,205.17009,-1613.6532,7.9991533203125,956.18575,1834.06425,1.371615966796875,0.004609485149383545,483.82790625,198.85678125,-2.41095361328125,0.19270917352716616,-1.8168471,-3.0459654
172,688000,4887.187464475632,76.66666666666667,42.295258981257774,100.0,0.0,0.7666666666666667,0.4229525521122878,1.0,0.0,383.76666666666665,-911.743375,204.25706352535278,239.39456,-1433.66,-911.74325,204.70006350756222,231.21175,-1502.8318,8.00046240234375,950.5976875,1801.264,1.36340087890625,0.0028745765686035156,465.78659375,189.22628125,-2.406228515625,0.1896375149725416,-1.8572903,-3.0744069
173,692000,4911.141182184219,73.33333333333333,44.22166141769966,100.0,0.0,0.7333333333333333,0.44221664350644707,1.0,0.0,385.26666666666665,-907.462125,203.51009802955724,254.91278,-1497.2308,-907.4651875,203.94919955714462,279.18835,-1536.6288,8.002515625,945.942875,1769.10275,1.348427978515625,-0.0007419497966766358,447.903625,172.29828125,-2.38453173828125,0.1969375849959403,-1.6768856,-3.0791214
174,696000,4935.28432559967,63.333333333333336,48.18944008199998,100.0,0.0,0.6333333333333333,0.48189437794263223,1.0,0.0,425.23333333333335,-900.118375,202.7368146144158,251.45845,-1517.7307,-900.1121875,203.12353876397486,242.40158,-1529.6973,7.99762451171875,938.1835,1740.29975,1.3400950927734374,0.006497162818908692,430.37059375,157.779265625,-2.3665517578125,0.188337748427951,-1.7628635,-3.1081188
175,700000,4964.259429693222,63.333333333333336,48.18944008199998,100.0,0.0,0.6333333333333333,0.48189437794263223,1.0,0.0,418.96666666666664,-892.521375,201.5348208126824,253.37099,-1509.5856,-892.5206875,201.95833233615295,256.71896,-1546.1324,8.00253515625,930.219875,1692.3315,1.329830810546875,0.00029833030700683594,412.70546875,147.017125,-2.35608984375,0.1885788258839718,-1.7434151,-3.0086524
176,704000,4993.31151676178,66.66666666666667,47.14045115839121,100.0,0.0,0.6666666666666666,0.47140453203019117,1.0,0.0,430.0,-885.8788125,199.745167651185,269.98645,-1475.5734,-885.8734375,200.13615365545527,222.32295,-1498.2893,7.9994140625,923.3003125,1647.353375,1.319640869140625,0.00363091516494751,395.3070625,134.9256875,-2.341284423828125,0.18729438188541547,-1.7233422,-2.9411366
177,708000,5022.653820991516,76.66666666666667,42.295258981257774,100.0,0.0,0.7666666666666667,0.4229525333222696,1.0,0.0,339.73333333333335,-878.5301875,198.61476279471273,251.5208,-1428.7075,-878.529125,198.9977587813491,231.80779,-1505.1827,8.00185302734375,915.4905,1623.587,1.3071412353515626,0.0013230624198913574,378.1400625,120.1740859375,-2.31780712890625,0.1860182130161734,-1.6549209,-3.0735052
178,712000,5059.467430591583,63.333333333333336,48.18944008199998,100.0,0.0,0.6333333333333333,0.4818943614508729,1.0,0.0,408.6333333333333,-870.5380625,197.430757482212,268.3434,-1404.7871,-870.541125,197.80006066733145,243.00903,-1401.4841,8.00093896484375,907.06175,1573.5705,1.288414794921875,0.002164036750793457,361.11353125,107.4432890625,-2.29736181640625,0.1829152814368047,-1.6170391,-2.9857519
179,716000,5096.0392553806305,73.33333333333333,44.22166141769966,100.0,0.0,0.7333333333333333,0.44221666147792305,1.0,0.0,347.2,-859.37675,197.11761970965458,268.01706,-1419.3921,-859.3724375,197.49493158053448,243.04176,-1461.8718,8.00120947265625,895.3813125,1559.9515,1.2783416748046874,0.001665500521659851,344.735,91.940796875,-2.26668310546875,0.1804365121030174,-1.6543487,-3.0331793
180,720000,5132.431608438492,76.66666666666667,42.295258981257774,100.0,0.0,0.7666666666666667,0.4229525333222696,1.0,0.0,371.73333333333335,-850.120625,197.04550743419654,236.06853,-1445.8751,-850.1223125,197.4252364820668,248.50072,-1514.6566,7.9987431640625,885.7010625,1510.125375,1.269971435546875,0.004993777751922607,328.4514375,82.078421875,-2.2496962890625,0.1813660348875716,-1.523969,-2.9303172
181,724000,5169.415080785751,83.33333333333333,37.26779846037774,100.0,0.0,0.8333333333333334,0.37267796781688917,1.0,0.0,306.93333333333334,-839.2799375,196.31416658000003,277.22757,-1434.8679,-839.2766875,196.66522824332725,239.33815,-1492.0312,8.00174853515625,874.242375,1446.212375,1.249414794921875,0.0004507491588592529,313.0908125,68.209640625,-2.2178115234375,0.18038471858225144,-1.5819935,-2.9273994
182,728000,5203.8782732486725,86.66666666666667,33.99346214715412,100.0,0.0,0.8666666666666667,0.33993463579811,1.0,0.0,307.56666666666666,-827.4609375,195.19203877207698,235.0357,-1445.278,-827.455625,195.53783265649642,253.08324,-1503.8098,8.00321435546875,862.038125,1396.756125,1.2390625,-0.001048818826675415,298.306625,57.8604375,-2.19385791015625,0.18498735539293878,-1.5300921,-2.8497999
183,732000,5239.829810380936,63.333333333333336,48.18944008199998,100.0,0.0,0.6333333333333333,0.48189437794263223,1.0,0.0,447.8333333333333,-814.933,193.64375538601806,237.82465,-1413.19,-814.9315,193.96558457623354,252.80016,-1478.8484,7.99919189453125,848.8941875,1351.1625,1.2270634765625,0.0036085968017578124,284.76559375,46.616015625,-2.16370849609375,0.17876886548343746,-1.5362319,-2.7640626
184,736000,5274.041141748428,90.0,30.0,100.0,0.0,0.9,0.2999999894036185,1.0,0.0,289.3666666666667,-801.835,192.51947433961064,290.19742,-1378.8379,-801.8365625,192.84944386748955,247.55559,-1408.6067,8.0013564453125,835.44225,1303.1205,1.214346923828125,0.0018054517507553102,271.5070625,40.456984375,-2.148829833984375,0.1777231656406859,-1.5113337,-2.8250525
185,740000,5308.3490471839905,76.66666666666667,42.295258981257774,100.0,0.0,0.7666666666666667,0.4229525333222696,1.0,0.0,344.76666666666665,-788.52325,191.51079342950882,250.46904,-1410.8036,-788.51975,191.8104376721976,245.24654,-1423.9578,7.99851708984375,821.628875,1258.85475,1.199271728515625,0.005972590446472168,259.65103125,31.64501171875,-2.1217626953125,0.17556761106043106,-1.5459148,-2.7662327
186,744000,5345.4345507621765,86.66666666666667,33.99346214715412,100.0,0.0,0.8666666666666667,0.33993462410867725,1.0,0.0,298.06666666666666,-775.5721875,189.36431554017773,276.17252,-1391.1055,-775.571,189.65807127565122,257.9735,-1394.3015,7.99858544921875,808.1576875,1197.6265,1.1907197265625,0.004479872226715088,249.341171875,25.125546875,-2.100740234375,0.17942583486919006,-1.5092596,-2.765262
187,748000,5380.597701072693,63.333333333333336,48.18944008199998,100.0,0.0,0.6333333333333333,0.4818943614508729,1.0,0.0,394.8333333333333,-762.337625,187.05507210444736,278.07794,-1384.9061,-762.335875,187.35786079052033,250.77092,-1370.0203,8.0032958984375,794.44525,1154.9485,1.171945068359375,0.00017192935943603516,240.276265625,19.159529296875,-2.079656005859375,0.17668927797732503,-1.4575682,-2.6751864
188,752000,5414.952845811844,90.0,30.0,100.0,0.0,0.9,0.2999999894036185,1.0,0.0,292.96666666666664,-748.822625,185.55024117472874,282.614,-1322.6326,-748.823375,185.83557248277307,273.22778,-1330.1598,8.00287939453125,780.573375,1116.72825,1.165322021484375,-0.00038384711742401126,232.885234375,14.544427734375,-2.06236572265625,0.1773058665140355,-1.4595823,-2.7835026
189,756000,5449.285532951355,76.66666666666667,42.295258981257774,100.0,0.0,0.7666666666666667,0.4229525333222696,1.0,0.0,319.4,-736.115,183.10241396551822,275.6873,-1382.5281,-736.1128125,183.361937162542,249.87486,-1356.706,8.00049072265625,767.4650625,1075.51625,1.1563382568359375,0.0029222204685211183,227.01628125,11.21974609375,-2.04938427734375,0.17294733288779832,-1.4655361,-2.7035992
190,760000,5483.788525819778,76.66666666666667,42.29526052053587,100.0,0.0,0.7666666666666667,0.4229525333222696,1.0,0.0,362.03333333333336,-722.87,182.25806978018835,258.67648,-1351.4253,-722.867375,182.5164650106943,247.61154,-1325.8328,8.0037998046875,753.8925,1036.491875,1.1496234130859375,2.9265999794006348e-05,221.776875,9.773134765625,-2.044021728515625,0.17098822418177775,-1.4605136,-2.6631138
191,764000,5518.767105579376,83.33333333333333,37.26779846037774,100.0,0.0,0.8333333333333334,0.37267796781688917,1.0,0.0,297.43333333333334,-710.4251875,179.6509170586112,272.10428,-1299.1006,-710.4276875,179.89589767418266,225.81949,-1296.0099,7.9983271484375,741.13225,1001.840375,1.13926171875,0.005210393905639648,217.464,7.09514404296875,-2.032596435546875,0.1700153299039347,-1.3588146,-2.6961749
192,768000,5555.231898546219,76.66666666666667,42.295258981257774,100.0,0.0,0.7666666666666667,0.4229525333222696,1.0,0.0,380.26666666666665,-698.6296875,177.03771914481953,274.92838,-1358.8865,-698.6281875,177.2821423607014,268.76456,-1258.9362,8.0010732421875,729.0614375,966.9105625,1.13776123046875,0.0022335166931152345,213.971203125,6.43887109375,-2.0300833740234374,0.16667585856203826,-1.4051974,-2.6163738
193,772000,5589.583105564117,83.33333333333333,37.26780020730586,100.0,0.0,0.8333333333333334,0.37267796781688917,1.0,0.0,309.53333333333336,-686.00225,175.08066141067664,235.7882,-1330.0853,-686.000875,175.3125323529382,217.29231,-1251.7983,8.00330908203125,716.1118125,937.8029375,1.128382080078125,-0.0007738626003265381,210.8940625,4.91458203125,-2.023306396484375,0.1665481692907244,-1.3679272,-2.6117547
194,776000,5625.176781654358,73.33333333333333,44.22166141769966,100.0,0.0,0.7333333333333333,0.44221664350644707,1.0,0.0,359.43333333333334,-675.063875,171.98691810716304,214.27179,-1329.568,-675.0604375,172.24234090373946,211.60414,-1227.5074,8.00027783203125,704.8636875,911.47925,1.1223026123046875,0.003686967849731445,208.07796875,4.138978515625,-2.0198717041015626,0.16271916795020863,-1.4580661,-2.6461742
195,780000,5660.122604608536,80.0,40.0,100.0,0.0,0.8,0.39999998807907083,1.0,0.0,324.76666666666665,-663.905625,168.9223075854696,263.30746,-1324.4331,-663.9033125,169.1718711843077,239.7684,-1224.296,8.0023818359375,693.501,879.045125,1.115861083984375,0.0011436245441436767,206.544390625,2.193991943359375,-2.0106278076171873,0.15900571637704153,-1.4709145,-2.5656347
196,784000,5697.7112782001495,76.66666666666667,42.295258981257774,100.0,0.0,0.7666666666666667,0.4229525333222696,1.0,0.0,325.3,-654.0271875,166.0327618272972,200.21075,-1303.6527,-654.0285,166.25881630758713,203.61243,-1219.0088,8.00243408203125,683.3666875,856.300125,1.109258056640625,0.0007022039890289307,204.84759375,2.360813232421875,-2.0115126953125,0.16371601829572585,-1.400701,-2.5970445
197,788000,5732.0946497917175,86.66666666666667,33.99346214715412,100.0,0.0,0.8666666666666667,0.33993461241924416,1.0,0.0,309.2,-644.3578125,164.3211489735877,243.86894,-1264.7993,-644.358375,164.56687394491033,224.978,-1193.8633,8.00190087890625,673.580375,838.75075,1.10734033203125,0.0019117670059204102,203.19153125,3.21267578125,-2.015797607421875,0.1610799570034018,-1.4191055,-2.5420406
198,792000,5767.003387451172,80.0,40.0,100.0,0.0,0.8,0.4000000079472859,1.0,0.0,352.96666666666664,-635.3265,161.78335513890173,214.39868,-1255.4109,-635.3223125,162.00630234654454,231.32042,-1188.5184,7.9963720703125,664.320625,818.219125,1.103717041015625,0.007393872737884522,201.7796875,1.8693743896484376,-2.009261962890625,0.159782648275529,-1.3667687,-2.7320266
199,796000,5803.037727594376,76.66666666666667,42.295258981257774,100.0,0.0,0.7666666666666667,0.4229525333222696,1.0,0.0,335.93333333333334,-626.5408125,158.83862880294578,209.34863,-1248.9547,-626.540625,159.06806719137566,232.26567,-1160.9558,8.00195458984375,655.429625,798.1203125,1.106102783203125,0.001819366693496704,200.674546875,2.211433349609375,-2.011026611328125,0.15769652080096597,-1.4462861,-2.5766444
200,800000,5839.392944574356,76.66666666666667,42.295258981257774,100.0,0.0,0.7666666666666667,0.4229525333222696,1.0,0.0,320.56666666666666,-618.320125,156.57745048377816,207.23254,-1225.7625,-618.3168125,156.79382003127546,208.06851,-1154.4352,8.00471044921875,646.94975,777.37825,1.0975938720703124,-0.002362236738204956,199.23796875,0.9567850952148438,-2.0047930908203124,0.15375449197301483,-1.4291738,-2.5883055
201,804000,5876.573825836182,76.66666666666667,42.29526052053587,100.0,0.0,0.7666666666666667,0.4229525521122878,1.0,0.0,331.6666666666667,-610.491,154.09399079782443,225.75975,-1236.1891,-610.4928125,154.32322573093137,241.4818,-1153.5094,7.9993798828125,639.0495,758.349625,1.095313720703125,0.00440628433227539,198.662078125,1.813876708984375,-2.00913037109375,0.15581771867553146,-1.424424,-2.5479705
202,808000,5912.481928825378,76.66666666666667,42.295258981257774,100.0,0.0,0.7666666666666667,0.4229525521122878,1.0,0.0,331.56666666666666,-603.531625,152.98415604238238,244.30405,-1214.1838,-603.529875,153.1964425174423,209.9173,-1153.3278,8.00318310546875,631.9210625,750.9005,1.09292138671875,-0.0005761150121688843,197.417796875,1.870496826171875,-2.0094725341796873,0.15223470531491606,-1.5014714,-2.5195138
203,812000,5946.726428985596,83.33333333333333,37.26780020730586,100.0,0.0,0.8333333333333334,0.3726779891416962,1.0,0.0,307.1333333333333,-597.7083125,151.13166445189438,229.77597,-1102.3177,-597.7073125,151.34847868412817,205.40735,-1112.5243,8.00232958984375,626.0081875,739.2130625,1.0914849853515625,0.00038862478733062746,195.852625,3.012142578125,-2.0153822021484373,0.1538041356000727,-1.4291518,-2.5538619
204,816000,5982.248636007309,90.0,30.0,100.0,0.0,0.9,0.2999999894036185,1.0,0.0,282.96666666666664,-592.734125,148.5669546029668,202.13728,-1214.2937,-592.7351875,148.76337586919706,222.4449,-1136.5139,8.003580078125,620.8519375,723.6531875,1.088195068359375,0.0007966153621673584,193.79190625,2.2493916015625,-2.0115899658203125,0.1519957902726918,-1.4825004,-2.5587642
205,820000,6016.785439014435,86.66666666666667,33.99346214715412,100.0,0.0,0.8666666666666667,0.33993461241924416,1.0,0.0,270.73333333333335,-586.9125,146.87041907749838,192.26802,-1165.9656,-586.9121875,147.0737298092355,193.15518,-1084.8859,7.9995322265625,614.90325,719.192375,1.083546630859375,0.004014118194580078,192.8699375,0.6486737060546875,-2.00335693359375,0.1554614992224072,-1.5092955,-2.6018953
206,824000,6053.622421503067,86.66666666666667,33.99346214715412,100.0,0.0,0.8666666666666667,0.33993462410867725,1.0,0.0,284.76666666666665,-581.237625,145.126717044106,235.04773,-1064.0029,-581.2365625,145.34491391170178,228.94933,-1058.1255,8.00219384765625,609.150375,709.7031875,1.08366162109375,0.0020919852256774903,192.29565625,0.9532625732421875,-2.0049482421875,0.15515840004529002,-1.4564313,-2.714007
207,828000,6088.385934352875,90.0,30.0,100.0,0.0,0.9,0.2999999894036185,1.0,0.0,298.76666666666665,-575.1060625,143.8116893719005,238.98775,-1180.2335,-575.1059375,144.0165684912677,213.66202,-1095.5176,8.00353564453125,602.821625,693.9675,1.078454833984375,-0.0006393940448760987,192.33784375,0.3098238525390625,-2.001609619140625,0.15128131384671886,-1.4522151,-2.5710518
208,832000,6125.068950653076,80.0,40.0,100.0,0.0,0.8,0.39999998807907083,1.0,0.0,326.46666666666664,-570.410125,142.22766256955782,202.74103,-1189.4283,-570.4095625,142.44730955690247,208.13399,-1124.3116,7.997515625,598.097375,684.8205,1.079973876953125,0.00738160514831543,191.10525,2.398698974609375,-2.0125435791015627,0.15293572385915666,-1.3674909,-2.683756
209,836000,6161.61000585556,76.66666666666667,42.295258981257774,100.0,0.0,0.7666666666666667,0.4229525333222696,1.0,0.0,336.6333333333333,-566.229875,140.7367116284873,241.80348,-1191.2344,-566.2279375,140.95648974062883,207.69624,-1086.3655,8.0043115234375,593.847375,681.002875,1.076412353515625,-0.000823492169380188,189.491328125,2.47835791015625,-2.013074951171875,0.15057538620216665,-1.4912378,-2.55324
210,840000,6196.221825122833,76.66666666666667,42.295258981257774,100.0,0.0,0.7666666666666667,0.4229525521122878,1.0,0.0,332.4,-561.6859375,140.07687889155727,195.05241,-1177.7645,-561.685875,140.28042628962888,202.83727,-1069.103,7.99892431640625,589.158375,665.3315,1.0764752197265626,0.005850796699523926,188.182484375,1.446822509765625,-2.00768798828125,0.1485663824220066,-1.4482718,-2.4933877
211,844000,6233.048164129257,83.33333333333333,37.26780020730586,100.0,0.0,0.8333333333333334,0.3726779891416962,1.0,0.0,321.3,-557.4325,138.6274575976924,226.3704,-1156.7877,-557.4314375,138.8311132275471,208.53058,-1110.0529,8.0019248046875,584.8036875,659.5839375,1.0707254638671875,0.0027106094360351564,187.004609375,1.1711617431640624,-2.0062537841796875,0.1490244870130147,-1.5035781,-2.4773889
212,848000,6269.042980194092,70.0,45.8257569495584,100.0,0.0,0.7,0.4582575764325439,1.0,0.0,370.6,-553.14375,137.6456755586604,226.14156,-1175.5588,-553.1429375,137.86385313054325,208.90573,-1093.9109,8.0035869140625,580.428125,650.900125,1.07051953125,0.000430262565612793,186.228765625,1.1502752685546875,-2.0061700439453123,0.1460793032107495,-1.5023882,-2.5562866
213,852000,6304.217664718628,70.0,45.8257569495584,100.0,0.0,0.7,0.4582575417477435,1.0,0.0,352.8666666666667,-549.05075,136.4882339251263,230.03354,-1156.1833,-549.04975,136.68249339253364,196.44926,-1082.287,8.0024091796875,576.17575,638.1808125,1.0689056396484375,0.0012015831470489503,185.808015625,0.2188787841796875,-2.0011746826171875,0.14577865156697514,-1.4234785,-2.599632
214,856000,6340.03638625145,93.33333333333333,24.944384753470402,100.0,0.0,0.9333333333333333,0.2494438263159298,1.0,0.0,255.16666666666666,-545.441,135.15292819617338,211.61649,-1129.531,-545.4425625,135.35515505513635,199.95558,-1066.069,8.000662109375,572.585,636.4465,1.0639554443359376,0.0030532040596008302,185.2578125,1.357185546875,-2.0073221435546875,0.147771093524894,-1.4188863,-2.57057
215,860000,6374.330326080322,83.33333333333333,37.26780020730586,100.0,0.0,0.8333333333333334,0.37267796781688917,1.0,0.0,310.3333333333333,-541.955875,133.61404866255643,205.17433,-1162.2781,-541.953,133.83623575101026,202.78105,-1071.8423,8.00128125,568.931,625.656375,1.06160009765625,0.0026382954120635987,184.4799375,0.8454427490234375,-2.004580078125,0.1468597014555766,-1.5067381,-2.5593991
216,864000,6407.573163509369,86.66666666666667,33.99346214715412,100.0,0.0,0.8666666666666667,0.33993461241924416,1.0,0.0,290.23333333333335,-538.8629375,132.90139954116358,231.50598,-1132.3444,-538.861875,133.12133563031887,219.7338,-1074.6614,8.0020625,565.813875,619.234625,1.0620125732421875,0.0010985493659973144,183.4285,1.815558349609375,-2.009892822265625,0.14428612289478765,-1.5272908,-2.6406515
217,868000,6431.669061183929,76.66666666666667,42.295258981257774,100.0,0.0,0.7666666666666667,0.4229525333222696,1.0,0.0,338.1666666666667,-535.3703125,132.61698232126986,192.43028,-1148.1552,-535.3701875,132.81329752701723,211.80554,-1056.3746,8.00328173828125,562.176125,614.159625,1.060335693359375,0.0007816834449768066,182.807859375,-0.12600369262695313,-1.9993079833984375,0.1458149089982133,-1.450492,-2.524966
218,872000,6455.715944290161,80.0,40.0,100.0,0.0,0.8,0.39999998807907083,1.0,0.0,335.96666666666664,-531.9414375,131.99071179442893,193.66872,-1112.609,-531.9411875,132.19056698569682,194.9436,-1061.725,8.00426318359375,558.680875,604.9181875,1.0597913818359375,-0.0007440820932388306,182.6423125,0.27673876953125,-2.00151123046875,0.14709642966143205,-1.5146414,-2.515544
219,876000,6479.891155958176,93.33333333333333,24.944383448483947,100.0,0.0,0.9333333333333333,0.2494438263159298,1.0,0.0,253.4,-528.495,131.4799680559742,230.19746,-1053.5079,-528.493125,131.66831813310293,217.96089,-1064.3046,8.0001123046875,555.18375,596.083125,1.05802392578125,0.003588613271713257,182.4176875,0.61526416015625,-2.00336962890625,0.14462197585311232,-1.4866623,-2.5434473
220,880000,6507.864077806473,76.66666666666667,42.295258981257774,100.0,0.0,0.7666666666666667,0.4229525521122878,1.0,0.0,361.26666666666665,-525.4465625,130.61571115298497,225.01349,-1110.043,-525.447125,130.8227426711426,190.4897,-1026.2921,8.0036318359375,552.11125,599.4079375,1.0596463623046875,0.0007323408126831054,181.50815625,2.09309228515625,-2.0115341796875,0.14472487558058705,-1.5451239,-2.4906576
221,884000,6536.655949354172,76.66666666666667,42.295258981257774,100.0,0.0,0.7666666666666667,0.4229525333222696,1.0,0.0,333.8,-522.653875,130.18679656555037,208.47478,-1085.9335,-522.65325,130.3833501640451,211.49586,-1031.756,7.99925146484375,549.2255625,591.38575,1.054196533203125,0.0037099471092224123,180.1976875,0.7982930297851563,-2.004423828125,0.1430224241801242,-1.4787251,-2.5195475
222,888000,6565.568777799606,80.0,40.0,100.0,0.0,0.8,0.39999998807907083,1.0,0.0,309.3,-520.21153125,129.6252830276563,202.29532,-1030.8347,-520.2113125,129.8164242305264,193.81,-989.47626,8.00129150390625,546.74975,591.525125,1.0559375,0.0028001580238342285,179.5755,1.190403076171875,-2.006627197265625,0.14626638728219132,-1.4271791,-2.49465
223,892000,6599.728499650955,76.66666666666667,42.295258981257774,100.0,0.0,0.7666666666666667,0.4229525521122878,1.0,0.0,352.56666666666666,-517.95971875,128.716211100234,225.28381,-1098.5436,-517.9590625,128.90611699993138,213.1873,-1043.6935,8.0043125,544.4014375,580.87875,1.050522705078125,0.0002257373332977295,178.6295,1.2641796875,-2.007074951171875,0.14240385593379995,-1.5216665,-2.5192277
224,896000,6634.04145693779,70.0,45.8257569495584,100.0,0.0,0.7,0.4582575764325439,1.0,0.0,390.0,-515.49434375,128.1864306391281,219.62509,-1074.108,-515.4959375,128.37061969157895,206.97534,-1010.8001,8.00207470703125,541.8621875,572.217125,1.0506229248046874,0.002204216480255127,177.40978125,1.951082763671875,-2.010999267578125,0.14366334376434628,-1.4661585,-2.5393436
225,900000,6671.205222606659,76.66666666666667,42.29526052053587,100.0,0.0,0.7666666666666667,0.4229525333222696,1.0,0.0,350.53333333333336,-513.55421875,127.07125560094227,194.82024,-1119.581,-513.553625,127.24651665173393,202.87325,-1058.5433,7.9998759765625,539.83725,570.0603125,1.048038818359375,0.004004999160766602,176.073390625,0.8950738525390625,-2.005075927734375,0.14320002958840858,-1.5157003,-2.504542
226,904000,6707.106812238693,76.66666666666667,42.295258981257774,100.0,0.0,0.7666666666666667,0.4229525521122878,1.0,0.0,357.2,-511.16825,126.14277624977183,186.74243,-1115.6067,-511.16821875,126.32856367425381,194.3076,-1051.2477,8.00414794921875,537.423625,564.537125,1.049980224609375,0.00023749160766601562,175.439484375,0.930123046875,-2.005296875,0.14295458780820935,-1.5005592,-2.5389087
227,908000,6741.851128578186,90.0,30.0,100.0,0.0,0.9,0.2999999894036185,1.0,0.0,284.1333333333333,-508.9199375,125.65702925025722,211.43028,-1082.6677,-508.918875,125.85602488558106,199.0291,-1039.9598,8.0019013671875,535.0329375,555.8616875,1.04484423828125,0.0023664722442626952,174.818,0.9766670532226562,-2.0055865478515624,0.14186857906381503,-1.555908,-2.483564
228,912000,6776.353749990463,80.0,40.0,100.0,0.0,0.8,0.39999998807907083,1.0,0.0,310.1333333333333,-506.49478125,125.60133757249562,203.48795,-1078.9237,-506.49434375,125.77713226179074,193.35652,-1023.42596,8.00232666015625,532.6005,557.436625,1.046559814453125,0.0022835564613342286,174.2595625,0.11185113525390625,-2.00063916015625,0.14167427416552078,-1.4599819,-2.4498212
229,916000,6810.9496874809265,93.33333333333333,24.944383448483947,100.0,0.0,0.9333333333333333,0.2494438263159298,1.0,0.0,262.73333333333335,-504.375875,125.11282108561058,212.29562,-1052.1838,-504.37371875,125.29939744468048,187.46312,-1022.1107,8.00390771484375,530.49325,547.97275,1.04598779296875,0.00038099920749664305,173.822765625,0.6099180908203125,-2.003501953125,0.14303959326385426,-1.4970242,-2.464185
230,920000,6847.910637617111,70.0,45.8257569495584,100.0,0.0,0.7,0.4582575764325439,1.0,0.0,392.3333333333333,-502.5338125,124.28509162405602,189.194,-1066.0454,-502.53253125,124.46720049876595,224.9585,-1044.8846,8.00063232421875,528.556625,552.0469375,1.0396162109375,0.00407242202758789,173.58584375,0.38750534057617186,-2.00222900390625,0.14236717190543802,-1.4310067,-2.563388
231,924000,6882.403982639313,86.66666666666667,33.99346214715412,100.0,0.0,0.8666666666666667,0.33993462410867725,1.0,0.0,277.53333333333336,-500.24253125,123.6375104893333,192.90497,-1072.8723,-500.2436875,123.82897076209589,188.52406,-1022.9206,8.0026748046875,526.2248125,546.8075,1.0440068359375,0.0009368531703948975,173.23975,0.3259574890136719,-2.0018778076171877,0.14029892479830539,-1.5344228,-2.462042
232,928000,6917.400805950165,73.33333333333333,44.22165994547619,100.0,0.0,0.7333333333333333,0.44221664350644707,1.0,0.0,348.3333333333333,-498.02884375,122.89089469932262,175.04037,-997.1935,-498.02671875,123.08804978550923,206.03256,-996.75073,8.00360595703125,523.954625,542.0236875,1.0433529052734376,0.0007916355729103089,173.237421875,0.19796876525878906,-2.0011409912109377,0.14149329104205652,-1.4221561,-2.5154464
233,932000,6952.874045848846,86.66666666666667,33.99346214715412,100.0,0.0,0.8666666666666667,0.33993461241924416,1.0,0.0,330.2,-496.7510625,123.18592452062046,206.81145,-1070.2975,-496.7493125,123.36096222063121,201.1537,-1023.55774,8.00068701171875,522.65671875,535.42275,1.0428499755859375,0.004544483184814453,172.64859375,0.5336358642578125,-2.00308544921875,0.1378425215980107,-1.544845,-2.4837348
234,936000,6987.574248552322,93.33333333333333,24.944384753470402,100.0,0.0,0.9333333333333333,0.2494438263159298,1.0,0.0,277.73333333333335,-494.55634375,122.65563990294127,186.07072,-1055.8062,-494.55815625,122.84342880268362,193.09421,-996.4657,8.00383740234375,520.4415625,535.213875,1.043079833984375,-0.00029317569732666013,172.383125,0.4620765991210937,-2.0026771240234376,0.14083478411467096,-1.4793743,-2.492315
235,940000,7022.6450045108795,90.0,30.0,100.0,0.0,0.9,0.2999999894036185,1.0,0.0,274.26666666666665,-493.3011875,121.70231304293276,206.29636,-1042.9697,-493.299375,121.88091729224884,210.69987,-988.6913,8.00129052734375,519.1049375,529.483625,1.04100146484375,0.0022303781509399414,172.1075,0.3934256286621094,-2.002283935546875,0.13859774647211417,-1.4432358,-2.5075738
236,944000,7058.719331979752,83.33333333333333,37.26780020730586,100.0,0.0,0.8333333333333334,0.37267796781688917,1.0,0.0,283.6,-491.637125,122.00405730958295,183.01764,-1063.5819,-491.63734375,122.20243860087244,206.7899,-1010.7583,8.00344189453125,517.3716875,532.110125,1.04021875,0.0013485709428787231,171.7299375,-0.11077935791015625,-1.9993529052734376,0.13837684559818914,-1.5245669,-2.4588544
237,948000,7093.947825193405,76.66666666666667,42.295258981257774,100.0,0.0,0.7666666666666667,0.4229525333222696,1.0,0.0,342.4,-490.121,120.9609482436377,185.75572,-1062.6785,-490.11975,121.13080120266686,221.65971,-1001.7529,8.00095947265625,515.84928125,525.3345,1.04000634765625,0.002919616460800171,171.51196875,1.243465087890625,-2.0072491455078123,0.14071309360942488,-1.5241296,-2.4735048
238,952000,7128.715594768524,73.33333333333333,44.22165994547619,100.0,0.0,0.7333333333333333,0.44221664350644707,1.0,0.0,367.3666666666667,-489.03203125,120.81595507216753,196.6071,-1051.6263,-489.0323125,121.00525608418835,190.0445,-990.8324,8.00034765625,514.7346875,523.24734375,1.0375,0.0048874330520629885,170.37996875,0.9768211669921875,-2.005725341796875,0.13869829468837347,-1.5303862,-2.5046072
239,956000,7162.623279333115,70.0,45.8257569495584,100.0,0.0,0.7,0.45825755909014404,1.0,0.0,369.53333333333336,-486.63346875,121.46762943270112,213.51305,-1080.094,-486.63340625,121.64757293098782,221.27512,-1032.0271,8.00573193359375,512.26834375,520.75259375,1.038927001953125,-0.0013884859085083008,170.17971875,0.2585649719238281,-2.001517822265625,0.14026296170155886,-1.4498266,-2.5399277
240,960000,7197.015489578247,73.33333333333333,44.22165994547619,100.0,0.0,0.7333333333333333,0.44221664350644707,1.0,0.0,365.06666666666666,-484.93021875,121.00429744434699,201.06609,-1048.1738,-484.927375,121.1825358704793,216.47954,-1001.8937,8.000982421875,510.5938125,517.4814375,1.038707275390625,0.00302880859375,169.923984375,0.5005269165039062,-2.00294677734375,0.14066106715213678,-1.4243784,-2.5198343
241,964000,7231.746225595474,90.0,30.0,100.0,0.0,0.9,0.2999999894036185,1.0,0.0,280.46666666666664,-484.107375,120.15505815403694,180.40572,-1021.5275,-484.1090625,120.32821780447011,223.34673,-989.5302,8.00263330078125,509.74,514.8448125,1.0334375,0.0009251159429550171,169.077125,0.8423865966796875,-2.0049775390625,0.13770396969682344,-1.5233595,-2.5446646
242,968000,7265.969380378723,76.66666666666667,42.295258981257774,100.0,0.0,0.7666666666666667,0.4229525521122878,1.0,0.0,352.8666666666667,-482.7749375,119.53942027632559,197.54091,-1022.04315,-482.77590625,119.70527557296712,188.04004,-1002.63965,8.0009267578125,508.2686875,511.2516875,1.0348060302734374,0.0036727142333984374,168.9175,-0.039440155029296875,-1.99976318359375,0.13534638366039298,-1.5456251,-2.493229
243,972000,7300.399520874023,90.0,30.0,100.0,0.0,0.9,0.2999999894036185,1.0,0.0,267.1333333333333,-481.6606875,119.16505779799714,181.5497,-1037.3114,-481.65859375,119.3590759012485,223.77873,-1038.464,7.99950048828125,507.1674375,512.9866875,1.033902587890625,0.0036754498481750488,168.77753125,0.0981596221923828,-2.000578125,0.1398456458277569,-1.5631161,-2.4411142
244,976000,7334.353142261505,86.66666666666667,33.99346214715412,100.0,0.0,0.8666666666666667,0.33993461241924416,1.0,0.0,298.1666666666667,-480.5195,119.84114902653428,218.88843,-1062.5051,-480.51865625,120.02285199077716,194.78067,-1036.6405,8.00457177734375,506.016,511.8889375,1.0352587890625,-0.0012272284030914306,168.51490625,0.5081553344726563,-2.003012939453125,0.13680728160373878,-1.5299667,-2.5337417
245,980000,7368.852733612061,83.33333333333333,37.26780020730586,100.0,0.0,0.8333333333333334,0.37267796781688917,1.0,0.0,323.2,-478.71234375,119.88845649185747,220.14539,-1049.0049,-478.71290625,120.06437439973608,228.20374,-1009.93274,8.00162890625,504.1824375,506.0188125,1.036017578125,0.00268243670463562,168.025703125,0.5421353759765625,-2.0032230224609373,0.13847309834568627,-1.562351,-2.6417255
246,984000,7403.791076660156,76.66666666666667,42.295258981257774,100.0,0.0,0.7666666666666667,0.4229525333222696,1.0,0.0,342.6333333333333,-477.25771875,119.24847168831977,198.33195,-1061.6082,-477.25775,119.42594776680653,193.00378,-1025.0879,7.999044921875,502.6516875,498.8314375,1.031791748046875,0.004505107402801514,167.642078125,0.95125341796875,-2.00567919921875,0.1390226019726754,-1.506328,-2.4712903
247,988000,7437.893998861313,93.33333333333333,24.944384753470402,100.0,0.0,0.9333333333333333,0.24944383428093533,1.0,0.0,283.3666666666667,-476.9288125,118.67626974252266,186.75818,-1061.2612,-476.928375,118.8579740698957,194.62427,-1023.41864,8.0035546875,502.3165,499.3205625,1.0324833984375,0.0005288846492767334,166.301125,1.339788330078125,-2.008047119140625,0.13888092874392227,-1.5351166,-2.5720382
248,992000,7471.889775276184,83.33333333333333,37.26780020730586,100.0,0.0,0.8333333333333334,0.37267796781688917,1.0,0.0,303.76666666666665,-475.53809375,118.47802327858108,188.50742,-1027.2063,-475.535875,118.65956345781827,225.04742,-1000.7339,8.00219287109375,500.886375,501.23825,1.0322716064453126,0.0021620049476623535,165.724,0.5423233642578125,-2.0032716064453124,0.13771312495603405,-1.4962549,-2.4410996
249,996000,7506.096575260162,80.0,40.0,100.0,0.0,0.8,0.4000000079472859,1.0,0.0,338.0,-473.8319375,117.85967928006592,191.5522,-1082.6782,-473.83384375,118.0238831762453,237.16107,-1067.6464,8.00415625,499.1155625,496.3800625,1.0313994140625,-0.0012103028297424316,165.65978125,-0.33568182373046873,-1.997968994140625,0.1386371132706729,-1.5304486,-2.5490944
250,1000000,7540.115493059158,80.0,40.0,100.0,0.0,0.8,0.4000000079472859,1.0,0.0,302.9,-472.31546875,117.78591596621389,178.59627,-1075.8625,-472.31621875,117.97326392026288,206.23148,-1034.7109,8.0024287109375,497.613,498.94134375,1.030021728515625,0.0022101035118103026,165.5965,0.40903662109375,-2.0024686279296877,0.14066189430300993,-1.5231967,-2.4665165
